	Query	Sequence	Length
0	gb|AB023477|+|0-861|ARO:3001082|SHV-24	ATGCGTTATATTCGCCTGTGTATTATCTCCCTGTTAGCCACCCTGCCGCTGGCG...TAA	861
1	gb|AB049569|+|0-861|ARO:3000958|TEM-91	ATGAGTATTCAACATTTCCGTGTCGCCCTTATTCCCTTTTTTGCGGCATTTTGC...TAA	861
2	gb|AB200915.1|-|1831-2305|ARO:3005084|dfrA31	ATGAAAATATCCATTATGGCAGCAGTTTCTGAGAATGGAGTAATTGGCTCTGGA...TAA	474
3	gb|AB302939|+|8-869|ARO:3001115|SHV-60	ATGCGTTATATTCGCCTGTGTATTATCTCCCTGTTAGCCACCCTGCCGCTGGCG...TAA	861
4	gb|AB372881|+|8-869|ARO:3001160|SHV-111	ATGCGTTATATTCGCCTGTGTATTATCTCCCTGTTAGCCACCCTGCCGCTGGCG...TAA	861
5	gb|AB462903|+|1199-1751|ARO:3002574|AAC(6')-Iaf	TTGGACTATTCAATATGCGATATAGCTGAATCAAATGAATTAATCCTTGAAGCA...TAG	552
6	gb|AB551737|+|14-875|ARO:3001177|SHV-133	ATGCGTTATATTCGCCTGTGTATTATCTCCCTGTTAGCCACCCTGCCGCTGGCG...TAA	861
7	gb|AB634250|+|0-825|ARO:3001484|OXA-206	ATGAACATTAAAGCACTCTTACTTATAACAAGCGCTATTTTTATTTCAGCCTGC...TAG	825
8	gb|AB700703|+|161-1022|ARO:3001057|TEM-198	ATGAGTATTCAACATTTTCGTGTCGCCCTTATTCCCTTTTTTGCGGCATTTTGC...TAA	861
9	gb|AB733453|+|3-849|ARO:3001204|SHV-167	ATGCGTTATATTCGCCTGTGTATTATCTCCCTGTTAGCCACCCTGCCGCTGGCG...GAG	846
10	gb|AB781687|+|0-825|ARO:3001682|OXA-254	ATGAACATTAAAGCACTCTTACTTATAACAAGCGCTATTTTTATTTCAGCCTGC...TAG	825
11	gb|AB871653|+|11870-12695|ARO:3001557|OXA-371	ATGAACATTAAAGCACTCTTACTTATAACAAGCGCTATTTTTATTTCAGCCTGC...TAG	825
12	gb|AE003852.1|+|1674272-1675445|ARO:3004289|Vibrio_cholerae_varG	ATGTTTGTTTCTCATTTATCTTTTCCCCACCTGATTGAGGAGAGAAAAATGAAA...TAA	1173
13	gb|AE004091.2|+|1221690-1222098|ARO:3000149|fosA	ATGCTTACCGGTCTCAATCACCTGACCCTGGCGGTCGCCGACCTGCCGGCCAGC...TAG	408
14	gb|AE004091.2|+|3450837-3451509|ARO:3005063|cprR	ATGCATATCCACGTACTCGTCGTCGAAGACAACTTCGATCTCGCCGGCACCGTC...TGA	672
15	gb|AE004091.2|+|3451505-3452801|ARO:3005064|cprS	ATGAAACGCGGCCTGAGCCTGATCCCCATCGTCGGCGGCGGCGTCACCCTGATC...TGA	1296
16	gb|AE004091.2|+|3982020-3984009|ARO:3002985|arnA	ATGACCTCGAAAGCCGTCGTCTTCGCCTACCACGACATCGGTTGCACCGGTATC...TGA	1989
17	gb|AE006468.2|+|1707351-1707789|ARO:3002571|AAC(6')-Iaa	ATGGACATCAGGCAAATGAACAGAACCCATCTGGATCACTGGCGCGGATTGCGA...TGA	438
18	gb|AE014292|+|568280-570923|ARO:3003772|Brucella_suis_mprF	TTGCTCTGGTGGGACGACATTTCGATGAGCCTGATTGATGATGAAATACCTTCT...TGA	2643
19	gb|AE016877.1|+|1972251-1972668|ARO:3000172|FosB	TTGTTAAGGGGAATCAATCATATTTGTTTTTCGGTATCTAATTTAGAAAACTCT...TAG	417
20	gb|AE016879.1|+|2933334-2933889|ARO:3005045|SatA	ATGAGCCTTTTAATTAGAGAGTTAGAAACAAATGATTTAGATAATTTCCCGGAG...TAA	555
21	gb|AF024602|+|3155-3992|ARO:3002660|APH(6)-Id	ATGTTCATGCCGCCTGTTTTTCCTGCTCATTGGCACGTTTCGCAACCTGTTCTC...TAG	837
22	gb|AF043100|+|0-775|ARO:3001411|OXA-16	TATCGCGTGTCTTTCGAGTACGGCATTAGCTGGTTCAATTACAGAAAATACGTC...TAA	775
23	gb|AF043381|+|251-863|ARO:3002580|AAC(6')-Ib9	ATGTTACGCAGCAGCAGTCGCCCTAAAACAAAGTTAGGCATCACAAAGTACAGC...TAA	612
24	gb|AF043381|+|943-1744|ARO:3001414|OXA-19	ATGAAAACATTTGCCGCATATGTAATTACTGCGTGTCTTTCAAGTACGGCATTA...TAA	801
25	gb|AF047171|+|135-996|ARO:3000929|TEM-60	ATGAGTATTCAACATTTCCGTGTCGCCCTTATTCCCTTTTTTGCGGCATTTTGC...TAA	861
26	gb|AF047479|+|1295-2087|ARO:3002603|aadA3	ATGAGGGTAGCGGTGACCATCGAAATTTCGAACCAACTATCAGAGGTGCTAAGC...TAA	792
27	gb|AF062386|+|30-862|ARO:3000928|TEM-59	ATGAGTATTCAACATTTCCGTGTCGCCCTTATTCCCTTTTTTGCGGCATTTTGC...GAG	831
28	gb|AF072684|+|117-993|ARO:3001075|SHV-16	ATGCGTTATATTCGCCTGTGTATTATCTCCCTGTTAGCCACCCTGCCGCTGGCG...TAA	876
29	gb|AF078527|+|3769-4303|ARO:3000230|ANT(2'')-Ia	ATGGACACAACGCAGGTCACATTGATACACAAAATTCTAGCTGCGGCAGATGAG...TAA	534
30	gb|AF091113|+|450-1311|ARO:3000934|TEM-67	ATGAGTATTCAACATTTCCGTGTCGCCCTTATTCCCTTTTTTGCGGCATTTTGC...TAA	861
31	gb|AF093512|+|197-1058|ARO:3000882|TEM-10	ATGAGTATTCAACATTTTCGTGTCGCCCTTATTCCCTTTTTTGCGGCATTTTGC...TAA	861
32	gb|AF104441|+|193-1054|ARO:3000922|TEM-53	ATGAGTATTCAACATTTCCGTGTCGCCCTTATTCCCTTTTTTGCGGCATTTTGC...TAA	861
33	gb|AF104442|+|193-1054|ARO:3000923|TEM-54	ATGAGTATTCAACATTTCCGTGTCGCCCTTATTCCCTTTTTTGCGGCATTTTGC...TAA	861
34	gb|AF117743|+|0-780|ARO:3001077|SHV-19	CTGTTAGCCACCCTGCCGCTGGCGGTACACGCCAGCCCGCAGCCGCTTGAGCAA...AAT	780
35	gb|AF117744|+|0-780|ARO:3001078|SHV-20	CTGTTAGCCACCCTGCCGCTGGCGGTACACGCCAGCCCGCAGCCGCTTGAGCAA...AAT	780
36	gb|AF117745|+|0-780|ARO:3001079|SHV-21	CTGTTAGCCACCCTGCCGCTGGCGGTACACGCCAGCCCGCAGCCGCTTGAGCAA...AAT	780
37	gb|AF117746|+|0-780|ARO:3001080|SHV-22	CTGTTAGCCACCCTGCCGCTGGCGGTACACGCCAGCCCGCAGCCGCTTGAGCAA...AAT	780
38	gb|AF117747|+|0-780|ARO:3001081|SHV-23	CTGTTAGCCACCCTGCCGCTGGCGGTACACGCCAGCCCGCAGCCGCTTGAGCAA...AAT	780
39	gb|AF132290|+|87-948|ARO:3001076|SHV-18	ATGCGTTATTTTCGCCTGTGTATTATCTCCCTGTTAGCCACCCTGCCGCTGGCG...TAA	861
40	gb|AF143804|+|0-861|ARO:3000959|TEM-92	ATGAGTATTAAACATTTCCGTGTCGCCCTTATTCCCTTTTTTGCGGCATTTTGC...TAA	861
41	gb|AF144880|+|3541-3979|ARO:3002569|AAC(6')-Iy	ATGGACATCAGGCAAATGAACAAAACCCATCTGGAGCACTGGCGCGGATTGCGA...TGA	438
42	gb|AF148851|+|5-866|ARO:3001060|SHV-2	ATGCGTTATATTCGCCTGTGTATTATCTCCCTGTTAGCCACCCTGCCGCTGGCG...TAA	861
43	gb|AF156486|+|5012-5792|ARO:3002602|aadA2	GTGACCATCGAAATTTCGAACCAACTATCAGAGGTGCTAAGCGTCATTGAGCGC...TGA	780
44	gb|AF157553|+|147-1008|ARO:3000938|TEM-72	ATGAGTATTCAACATTTCCGTGTCGCCCTTATTCCCTTTTTTGCGGCATTTTGC...TAA	861
45	gb|AF164577|+|0-861|ARO:3001072|SHV-13	ATGCGTTATATTCGCCTGTGTATTATCTCCCTGTTAGCCACCCTGCCGCTGGCG...TAA	861
46	gb|AF188199|+|214-1075|ARO:3000936|TEM-70	ATGAGTATTCAACATTTTCGTGTCGCCCTTATTCCCTTTTTTGCGGCATTTTGC...TAA	861
47	gb|AF190692|+|208-1069|ARO:3000946|TEM-79	ATGAGTATTCAACATTTTCGTGTCGCCCTTATTCCCTTTTTTGCGGCATTTTGC...TAA	861
48	gb|AF190693|+|208-1069|ARO:3000944|TEM-78	ATGAGTATTCAACATTTCCGTGTCGCCCTTATTCCCTTTTTTGCGGCATTTTGC...TAA	861
49	gb|AF190694|+|208-1069|ARO:3000942|TEM-76	ATGAGTATTCAACATTTTCGTGTCGCCCTTATTCCCTTTTTTGCGGCATTTTGC...TAA	861
50	gb|AF201828.2|+|115-937|ARO:3001422|OXA-27	ATGAATAAATATTTTACTTGCTATGTGGTTGCTTCTCTTTTTCTTTCTGGTTGT...TAA	822
51	gb|AF203816|+|210-1071|ARO:3000937|TEM-71	ATGAGTATTCAACATTTCCGTGTCGCCCTTATTCCCTTTTTTGCGGCATTTTGC...TAA	861
52	gb|AF205943|+|7511-8312|ARO:3001405|OXA-10	ATGAAAACATTTGCCGCATATGTAATTATCGCGTGTCTTTCGAGTACGGCATTA...TAA	801
53	gb|AF208796|+|0-861|ARO:3001083|SHV-25	ATGCGTTATATTCGCCTGTGTATTATCTCCCTGTTAGCCGCCCTGCCGCTGGCG...TAA	861
54	gb|AF226622|+|54-915|ARO:3001073|SHV-14	ATGCGTTATTTTCGCCTGTGTATTATCTCCCTGTTAGCCACCCTGCCGCTGGCG...TAA	861
55	gb|AF227204|+|73-934|ARO:3001084|SHV-26	ATGCGTTATATTCGCCTGTGTATTATCTCCCTGTTAGCCACCCTGCCGCTGGCG...TAA	861
56	gb|AF231133|+|1345-2146|ARO:3001423|OXA-28	ATGAAAACATTTGCCGCATATGTAATTACTGCGTGTCTTTCAAGTACGGCATTA...TAA	801
57	gb|AF250872|+|0-861|ARO:3000954|TEM-87	ATGAGTATTAAACATTTCCGTGTCGCCCTTATTCCCTTTTTTGCGGCATTTTGC...TAA	861
58	gb|AF293345|+|0-861|ARO:3001085|SHV-27	ATGCGTTATATTCGCCTGTGTATTATCTCCCTGTTAGCCACCCTGCCGCTGGCG...TAA	861
59	gb|AF299299|+|0-861|ARO:3001086|SHV-28	ATGCGTTTTATTCGCCTGTGTATTATCTCCCTGTTAGCCACCCTGCCGCTGGCG...TAA	861
60	gb|AF301532|+|7-868|ARO:3001087|SHV-29	ATGCGTTATATTCGCCTGTGTATTATCTCCCTGTTAGCCACCCTGCCGCTGGCG...TAA	861
61	gb|AF313472|+|15593-16397|ARO:3002639|APH(3'')-Ib	TTGAATCGAACTAATATTTTTTTTGGTGAATCGCATTCTGACTGGTTGCCTGTC...TGA	804
62	gb|AF315786|+|1313-2114|ARO:3001429|OXA-35	ATGAAAACATTTGCCGCATATGTAATTACTGCGTGTCTTTCAAGTACGGCATTA...TAA	801
63	gb|AF332513|+|103-964|ARO:3000931|TEM-63	ATGAGTATTCAACATTTCCGTGTCGCCCTTATTCCCTTTTTTGCGGCATTTTGC...TAA	861
64	gb|AF347054|+|208-1069|ARO:3000947|TEM-80	ATGAGTATTCAACATTTCCGTGTCGCCCTTATTCCCTTTTTTGCGGCATTTTGC...TAA	861
65	gb|AF351241|+|89-950|ARO:3000957|TEM-90	ATGAGTATTCAACATTTCCGTGTCGCCCTTATTCCCTTTTTTGCGGCATTTTGC...TAA	861
66	gb|AF427127|+|208-1069|ARO:3000948|TEM-81	ATGAGTATTCAACATTTCCGTGTCGCCCTTATTCCCTTTTTTGCGGCATTTTGC...TAA	861
67	gb|AF427128|+|208-1069|ARO:3000949|TEM-82	ATGAGTATTCAACATTTCCGTGTCGCCCTTATTCCCTTTTTTGCGGCATTTTGC...TAA	861
68	gb|AF427129|+|208-1069|ARO:3000950|TEM-83	ATGAGTATTCAACATTTCCGTGTCGCCCTTATTCCCTTTTTTGCGGCATTTTGC...TAA	861
69	gb|AF427130|+|208-1069|ARO:3000951|TEM-84	ATGAGTATTCAACATTTCCGTGTCGCCCTTATTCCCTTTTTTGCGGCATTTTGC...TAA	861
70	gb|AF441287|+|260-1007|ARO:3000844|TUS-1_beta-lactamase	ATGTACCACTACTTTAGCAGTTTATTTGTACTGATTTTTTCTACTTTGGTCTAT...TAA	747
71	gb|AF445082|+|2788-3343|ARO:3002577|AAC(6')-Ib4	GTGACCAACAGCAACGATTCCGTCACACTGCGCCTCATGACTGAGCATGACCTT...TAA	555
72	gb|AF462019|+|26-656|ARO:3002681|catB9	ATGAACTTCTTTACGTCTCCATTTTCTGGGATTCCCTTAGATCAGCAAGTAACA...TAA	630
73	gb|AF467947|+|0-861|ARO:3001094|SHV-36	ATGCGTTATGTTCGCCTGTGTATTATCTCCCTGTTAGCCACCCTGCCGCTGGCG...TAA	861
74	gb|AF467948|+|0-861|ARO:3001095|SHV-37	ATGCGTTATATTCGCCTGTGTATTATCTCCCTGTTAGCCGCCCTGCCGCTGGCG...TAA	861
75	gb|AF468003|+|0-861|ARO:3000974|TEM-111	ATGAGTATTCAACATTTCCGTGTCGCCCTTATTCCCTTTTTTGCGGCATTTTGC...TAA	861
76	gb|AF495873|+|0-861|ARO:3000964|TEM-101	ATGAGTATTCAACATTTCCGTGTCGCCCTTATTCCCTTTTTTGCGGCATTTTGC...TAA	861
77	gb|AF506748|+|38-899|ARO:3000971|TEM-108	ATGGATCCTCAACATTTCCGTGTCGCCCTTATTCCCTTTTTTGCGGCATTTTGC...TAA	861
78	gb|AF516719|+|214-1075|ARO:3000967|TEM-104	ATGAGTATTCAACATTTTCGTGTCGCCCTTATTCCCTTTTTTGCGGCATTTTGC...TAA	861
79	gb|AF516720|+|214-1075|ARO:3000968|TEM-105	ATGAGTATTCAACATTTTCGTGTCGCCCTTATTCCCTTTTTTGCGGCATTTTGC...TAA	861
80	gb|AF527798.1|+|0-785|ARO:3000879|TEM-7	TTTTTTGCGGCATTTTGCCTTCCTGTTTTTGCTCACCCAGAAACGCTGGTGAAA...ACA	785
81	gb|AF535127|+|208-1069|ARO:3000978|TEM-115	ATGAGTATTCAACATTTCCGTGTCGCCCTTATTCCCTTTTTTGCGGCATTTTGC...TAA	861
82	gb|AF535128|+|0-861|ARO:3001098|SHV-40	ATGCGTTATATTCGCCTGTGTATTATCTCCCTGTTAGCCACCCTGCCGCTGGCG...TAA	861
83	gb|AF535129|+|0-861|ARO:3001099|SHV-41	ATGCGTTATATTCGCCTGTGTATTATCTCCCTGTTAGCCACCCTGCCGCTGGCG...TAA	861
84	gb|AF535130|+|0-861|ARO:3001100|SHV-42	ATGCGTTATATTCGCCTGTGTATTATCTCCCTGTTAGCCACCCTGCCGCTGGCG...TAA	861
85	gb|AF547625|+|0-861|ARO:3001103|SHV-45	ATGCGTTATATTCGCCTGTGTATTATCTCCCTGTTAGCCACCCTGCCGCTGGCG...TAA	861
86	gb|AF550679.1|-|80976-81768|ARO:3002601|aadA	ATGAGGGAAGCGGTGATCGCCGAAGTATCGACTCAACTATCAGAGGTAGTTGGC...TAA	792
87	gb|AJ009979.1|+|0-1152|ARO:3003847|ADC-1	ATGCGATTTAAAAAAATTTCTTGTCTACTTTTATCCCCGCTTTTTATTTTTAGT...TAA	1152
88	gb|AJ011428|+|0-861|ARO:3001074|SHV-15	ATGCGTTATATTCGCCTGTGTATTATCTCCCTGTTAGCCACCCTGCCGCTGGCG...TAA	861
89	gb|AJ011502.1|+|300-1425|ARO:3004122|Klebsiella_pneumoniae_OmpK37	ATGAAAAGAAAAGTACTGGCCCTCGTTATTCCGGCTTTATTAGCCGCCGGTGCC...TGA	1125
90	gb|AJ012256|+|208-1069|ARO:3000939|TEM-73	ATGAGTATTCAACATTTCCGTGTCGCCCTTATTCCCTTTTTTGCGGCATTTTGC...TAA	861
91	gb|AJ222769.3|+|3686-5606|ARO:3000194|tetW	ATGAAAATAATCAATATTGGAATTCTTGCCCATGTAGACGCTGGAAAGACGACC...TAA	1920
92	gb|AJ239002|+|0-861|ARO:3000935|TEM-68	ATGAGTATTCAACATTTTCGTGTCGCCCTTATTCCCTTTTTTGCGGCATTTTGC...TAA	861
93	gb|AJ277414|+|0-861|ARO:3000952|TEM-85	ATGAGTATTCAACATTTCCGTGTCGCCCTTATTCCCTTTTTTGCGGCATTTTGC...TAA	861
94	gb|AJ277415|+|0-861|ARO:3000953|TEM-86	ATGAGTATTCAACATTTCCGTGTCGCCCTTATTCCCTTTTTTGCGGCATTTTGC...TAA	861
95	gb|AJ308558|+|181-1042|ARO:3000962|TEM-95	ATGAGTATTCAACATTTTCGTGTCGCCCTTATTCCCTTTTTTGCGGCATTTTGC...TAA	861
96	gb|AJ309734|+|0-825|ARO:3001612|OXA-51	ATGAACATTAAAACACTCTTACTTATAACAAGCGCTATTTTTATTTCAGCCTGC...TAG	825
97	gb|AJ318093|+|0-861|ARO:3000960|TEM-93	ATGAGTATTCAACATTTCCGTGTCGCCCTTATTCCCTTTTTTGCGGCATTTTGC...TAA	861
98	gb|AJ318094|+|0-861|ARO:3000961|TEM-94	ATGAGTATTCAACATTTCCGTGTCGCCCTTATTCCCTTTTTTGCGGCATTTTGC...TAA	861
99	gb|AJ437107|+|208-1069|ARO:3000900|TEM-30	ATGAGTATTCAACATTTTCGTGTCGCCCTTATTCCCTTTTTTGCGGCATTTTGC...TAA	861
100	gb|AJ575184.1|+|0-1152|ARO:3003851|ADC-5	ATGCGATTTAAAAAAATTTCTTGTCTACTTTTATCCCCGCTTTTTATTTTTAGT...TAA	1152
101	gb|AJ579365.1|+|4149-5628|ARO:3003111|lsaB	ATGTCAATGATACATGTACAAAATTTAACTTTCTCTTATCCGAGTAGTTTTGAT...TAA	1479
102	gb|AJ634602.1|-|7839-8700|ARO:3000999|TEM-135	ATGAGTATTCAACATTTTCGTGTCGCCCTTATTCCCTTTTTTGCGGCATTTTGC...TAA	861
103	gb|AJ746225|+|0-861|ARO:3000993|TEM-129	ATGAGTATTCAACATTTTCGTGTCGCCCTTATTCCCTTTTTTGCGGCATTTTGC...TAA	861
104	gb|AJ809407|+|118-898|ARO:3002620|aadA23	GTGACCATCGAAATTTCGAACCAACTATCAGAGGTGCTAAGCGTCATTGAGCGC...TAA	780
105	gb|AJ854182|+|0-801|ARO:3001798|OXA-74	ATGAAAACATTTGCCGCATATGTAATTATCGCGTGTCTTTCGAGTACGGCATTA...TAA	801
106	gb|AJ863560|+|0-861|ARO:3001111|SHV-55	ATGCGTTTTATTCGCCTGTGTATTATCTCCCTGTTAGCCACCCTGCCGCTGGCG...TAA	861
107	gb|AJ866284|+|0-861|ARO:3001116|SHV-61	ATGCGTTATATTCGCCGGTGTATTATCTCCCTGTTAGCCACCCTGCCGCTGGCG...TAA	861
108	gb|AJ866285|+|0-861|ARO:3001117|SHV-62	ATGCGTTATATTCGCCTGTGTATTATCTCCCTGTTAGCCACCCTGCCGCTGGCG...TAA	861
109	gb|AJ866988|+|0-861|ARO:3000994|TEM-130	ATGAGTATTCAACATTTTCGTGTCGCCCTTATTCCCTTTTTTGCGGCATTTTGC...TAA	861
110	gb|AJ920369|+|23-860|ARO:3001071|SHV-12	ATGCGTTATATTCGCCTGTGTATTATCTCCCTGTTAGCCACCCTGCCGCTGGCG...GCG	837
111	gb|AL009126.3|-|339155-339749|ARO:3003059|tmrB	ATGATCATTTGGATAAACGGGGCATTCGGTTCGGGAAAAACACAAACAGCCTTC...TAA	594
112	gb|AL009126|+|916777-919348|ARO:3003324|Bacillus_subtilis_mprF	TTGCTGATTAAAAAGAATGCTTTATCAATATTAAAAATCGTTTTTCCTATTGCT...TAA	2571
113	gb|AL009126|-|2735681-2736536|ARO:3002627|aadK	ATGCGAAGTGAGCAGGAAATGATGGACATTTTTTTGGACTTTGCTTTGAACGAT...TGA	855
114	gb|AL513383|+|161910-162771|ARO:3000873|TEM-1	ATGAGTATTCAACATTTTCGTGTCGCCCTTATTCCCTTTTTTGCGGCATTTTGC...TAA	861
115	gb|AM040708.1|+|1173-1965|ARO:3004704|aadA8b	ATGAGGGAAGCGGTGACCATCGAAATTTCGAACCAACTATCAGAGGTGCTAAGC...TAA	792
116	gb|AM049399|+|0-861|ARO:3001007|TEM-144	ATGAGTATTCAACATTTTCGTGTCGCCCTTATTCCCTTTTTTGCGGCATTTTGC...TAA	861
117	gb|AM087453|+|25-856|ARO:3001138|SHV-84	ATGCGTTATATTCGCCTGTGTATTATCTCCCTGTTAGCCACCCTGCCGCTGGCG...GGC	831
118	gb|AM087454|+|208-1069|ARO:3001015|TEM-148	ATGAGTATTCAACATTTTCGTGTCGCCCTTATTCCCTTTTTTGCGGCATTTTGC...TAA	861
119	gb|AM176546|+|0-861|ARO:3001125|SHV-71	ATGCGTTATATTCGCCTGTGTATTATCTCCCTGTTAGCCACCCTGCCGCTGGCG...TAA	861
120	gb|AM176547|+|30-891|ARO:3001126|SHV-72	ATGCGTTATTTTCGCCTGTGTATTATCTCCCTGTTAGCCACCCTGCCGCTGGCG...TAA	861
121	gb|AM176548|+|16-874|ARO:3001127|SHV-73	ATGCGTATTCGCCTGTGTATTATCTCCCTGTTAGCCACCCTGCCGCTGGCGGTA...TAA	858
122	gb|AM176549|+|30-891|ARO:3001128|SHV-74	ATGCGTTATATTCGCCTGTGTATTATCTCCCTGTTAGCCACCCTGCCGCTGACG...TAA	861
123	gb|AM176550|+|30-891|ARO:3001129|SHV-75	ATGCGTTATATTCGCCTGTGTATTATCTCCCTGTTAGCCACCCTGCCGCTGGCG...TAA	861
124	gb|AM176551|+|30-891|ARO:3001130|SHV-76	ATGCGTTATATTCGCCTGTGTATTATCTCCCTGTTAGCCGCCCTGCCGCTGGCG...TAA	861
125	gb|AM176552|+|30-891|ARO:3001131|SHV-77	ATGCGTTATATTCGCCTGTGTATTATCTCCCTGTTAGCCACCCTGCCGCTGGCG...TAA	861
126	gb|AM176553|+|30-891|ARO:3001132|SHV-78	ATGCGTTATATTCGCCTGTGTATTATCTCCCTGTTAGCCACCCTGCCGCTGGCG...TAA	861
127	gb|AM176554|+|30-891|ARO:3001133|SHV-79	ATGCGTTATATTCGCCTGTGTATTATCTCCCTGTTAGCCACCCTGCCGCTGGCG...TAA	861
128	gb|AM176555|+|0-861|ARO:3001134|SHV-80	ATGCGTTATATTCGCCTGTGTATTATCTCCCTGTTAGCCACCCTGCCGCTGGCG...TAA	861
129	gb|AM176556|+|25-886|ARO:3001135|SHV-81	ATGCGTTATATTCGCCTGTGTATTATCTCCCTGTTAGCCACCCTGCCGCTGGCG...TAA	861
130	gb|AM176557|+|0-861|ARO:3001136|SHV-82	ATGCGTTATGTTCGCCTGTGTATTATCTCCCTGTTAGCCACCCTGCCGCTGGCG...TAA	861
131	gb|AM176558|+|0-861|ARO:3001137|SHV-83	AAGCGTTATATTCGCCTGTGTATTATCTCCCTGTTAGCCACCCTGCCGCTGGCG...TAA	861
132	gb|AM183304|+|208-1069|ARO:3001017|TEM-150	ATGAGTATTCAACATTTCCGTGTCGCCCTTATTCCCTTTTTTGCGGCATTTTGC...TAA	861
133	gb|AM231719|+|0-825|ARO:3001650|OXA-90	ATGAACATTAAAGCCCTCTTACTTATAACAAGCGCTATTTTTATTTCAGCCTGC...TAG	825
134	gb|AM231720|+|0-825|ARO:3001438|OXA-100	ATGAACATTAAAGCACTCTTACTTATAACAAGCACTATTTTTATTTCAGCCTGC...TAG	825
135	gb|AM261837|+|73-865|ARO:3002619|aadA22	ATGAGGGTAGCGGTGACCATCGAAATTTCGAACCAACTATCAGAGGTGCTAAGC...TAA	792
136	gb|AM279652|+|0-825|ARO:3001646|OXA-98	ATGAACATTAAAGCACTCTTACTTATAACAAGCGCTATTTTTATTTCAGCCTGC...TAG	825
137	gb|AM286274|+|0-861|ARO:3001001|TEM-137	ATGAGTATTCAACATTTCCGTGTCGCCCTTATTCCCTTTTTTGCGGCATTTTGC...TAA	861
138	gb|AM412777|+|117-918|ARO:3001439|OXA-101	ATGAAAACATTTGCCGCATATGTAATTACTGCGTGTCTTTCAAGTACGGCATTA...TAA	801
139	gb|AM849805|+|262-1123|ARO:3000886|TEM-15	ATGAGTATTCAACATTTTCGTGTCGCCCTTATTCCCTTTTTTGCGGCATTTTGC...TAA	861
140	gb|AM941159|+|208-1069|ARO:3001022|TEM-156	ATGAGTATTCAACATTTCCGTGTCGCCCTTATTCCCTTTTTTGCGGCATTTTGC...TAA	861
141	gb|AM941844|+|0-861|ARO:3001336|SHV-98	ATGCGTTATATTCGCCTGTGTATTATCTCCCTGTTAGCCACCCTGCCGCTGGCG...TAA	861
142	gb|AM941845|+|0-861|ARO:3001337|SHV-99	ATGCGTTATATTCGCCTGTGTATTATCTCCCTGTTAGCCACCCTGCCGCTGGCG...TAA	861
143	gb|AM941847|+|0-861|ARO:3001155|SHV-106	ATGCGTTTTATTCGCCTGTGTATTATCTCCCTGTTAGCCACCCTGCCGCTGGCG...TAA	861
144	gb|AM941848|+|0-861|ARO:3001156|SHV-107	ATGCGTTATATTCGCCTGTGTATTATCTCCCTGTTAGCCACCCTGCCGCTGGCG...TAA	861
145	gb|AP009048|-|4338624-4340268|ARO:3003576|eptA	ATGTTGAAGCGCCTACTAAAAAGACCCTCTTTGAATTTACTCGCCTGGCTATTG...TGA	1644
146	gb|AP012030.1|-|395553-396711|ARO:3004612|Escherichia_coli_ampH	TTGAAACGTAGTCTGCTTTTTTCTGCCGTGCTGTGTGCGGCGTCATTGACCTCC...TGA	1158
147	gb|APON01000041.1|+|10443-11268|ARO:3001736|OXA-281	ATGAAAACTTTACAATTTGGACTCATCGCCCTCATTACAACCTTCGGTTCTGCA...TAA	825
148	gb|APOR01000009.1|+|341736-342561|ARO:3001716|OXA-260	ATGAACATTAAAGCACACTTACTTATAACAAGCGCTATTTTTATTTCAGCCTGC...TAG	825
149	gb|APPZ01000001.1|+|7525-8353|ARO:3001735|OXA-280	ATGAAAACTTTACAGTTGGGCCTCATCGTCCTCATTACTACCTTCGGTTCTGCA...TAA	828
150	gb|APQF01000011.1|+|291557-292379|ARO:3001707|OXA-103	ATGAATAAATATTTTACTTGCTATGTGGTTGCTTCTCTTTTTCTTTCTGGTTGT...TAA	822
151	gb|APQV01000009.1|+|266252-267077|ARO:3001717|OXA-261	ATGAACATTAAAGCACTCTTATTTATAACAAGCGCTATTTTTATTTCAGCCTGC...TAG	825
152	gb|APQY01000006.1|+|416598-417423|ARO:3001719|OXA-263	ATGAATATTAAAGCACTCTTACTTATAACAAGCGCTATTTTTATTTCAGCCTGT...TAG	825
153	gb|APRA01000005.1|+|465153-465978|ARO:3001718|OXA-262	ATGAACATTAAAACACTCTTACTTATAACAAGCGCTATTTTTATTTCAGCCTGC...TAG	825
154	gb|AY027590|+|112-973|ARO:3000955|TEM-88	ATGAGTATTCAACATTTTCGTGTCGCCCTTATTCCCTTTTTTGCGGCATTTTGC...TAA	861
155	gb|AY036620|+|88-949|ARO:3001092|SHV-34	ATGCGTTATTTTCGCCTGTGTATTATCTCCCTGTTAGCCACCCTGCCGCTGGCG...TAA	861
156	gb|AY037778|+|91-952|ARO:3001090|SHV-32	ATGCGTTATATTCGCCTGTGTATTATCTCCCTGTTAGCCACCCTGCCGCTGGCG...TAA	861
157	gb|AY039040|+|188-1022|ARO:3000956|TEM-89	ATGAGTATTCAACATTTCCGTGTCGCCCTTATTCCCTTTTTTGCGGCATTTTGC...ATA	834
158	gb|AY040093|+|68-929|ARO:3000965|TEM-102	ATGAGTATTCAACATTTTCGTGTCGCCCTTATTCCCTTTTTTGCGGCATTTTGC...TAA	861
159	gb|AY055428.1|-|20268-21084|ARO:3000412|sul2	ATGAATAAATCGCTCATCATTTTCGGCATCGTCAACATAACCTCGGACAGTTTC...TAA	816
160	gb|AY065991|+|6-867|ARO:3001101|SHV-43	ATGCGTTATATTCGCCTGTGTATTATCTCCCTGTTAGCCACCCTGCCGCTGGCG...TAA	861
161	gb|AY070258|+|0-861|ARO:3001093|SHV-35	ATGCGTTATATTCGCCTGTGTATTATCTCCCTGTTAGCCACCCTGCCGCTGGCG...TAA	861
162	gb|AY072920|+|0-861|ARO:3000973|TEM-110	ATGAGTATTCAACATTTCCGTGTCGCCCTTATTCCCTTTTTTGCGGCATTTTGC...TAA	861
163	gb|AY079099|+|148-1009|ARO:3001096|SHV-38	ATGCGTTATATTCGCCTGTGTATTATCTCCCTGTTAGCCACCCTGCCGCTGGCG...TAA	861
164	gb|AY092401|+|0-861|ARO:3000963|TEM-96	ATGAGTATTCAACATTTCCGTGTCGCCCTTATTCCCTTTTTTGCGGCATTTTGC...TAA	861
165	gb|AY101578|+|214-1075|ARO:3000969|TEM-106	ATGAGTATTCAACATTTTCGTGTCGCCCTTATTCCCTTTTTTGCGGCATTTTGC...TAA	861
166	gb|AY101764|+|206-1067|ARO:3000970|TEM-107	ATGAGTATTCAACATTTTCGTGTCGCCCTTATTCCCTTTTTTGCGGCATTTTGC...TAA	861
167	gb|AY123251.1|+|811-1444|ARO:3002680|catB8	ATGAAAAACTACTTTAACAGCCCTTTCAAAGGGGAACTTCTTTCTGAGCAAGTG...TAA	633
168	gb|AY130282|+|0-764|ARO:3000980|TEM-117	TTTTTTGCGGCATTTTGCTTTCCTGTTTTTGCTCACCCAGAAACGCTGGTGAAA...AAC	764
169	gb|AY130284|+|0-785|ARO:3000941|TEM-75	TTTTTTGCGGCATTTTGCTTTCCTGTTTTTGCTCACCCAGAAACGCTGGTGAAA...ACA	785
170	gb|AY130285|+|0-785|ARO:3000981|TEM-118	TTTTTTGCGGCATTTTGCCTTCCTGTTTTTGCTCACCCAGAAACGCTGGTGAAA...ACA	785
171	gb|AY136758|+|377-947|ARO:3002582|AAC(6')-Ib11	ATGAAAAACACAATACATATCAACAGCAACGATTCCGTCACACTGCGCCTCATG...TAA	570
172	gb|AY139603|+|106-898|ARO:3002608|aadA8	ATGAGGGTAGCGGTGACCATCGAAATTTCGAACCAACTATCAGAGGTGCTAAGC...TAA	792
173	gb|AY152390|+|0-1335|ARO:3003785|Chlamydia_trachomatis_intrinsic_murA_conferring_resistance_to_fosfomycin	ATGCCTGGTATCAAGGTTTTTGGAGAAACGGTCTTAAGAGGATCTGTGCGCGTG...TAA	1335
174	gb|AY171244|+|46-838|ARO:3002618|aadA21	ATGAGGGTAGCGGTGACCATCGAAATTTCGAACCAACTATCAGAGGTGCTAAGC...TAA	792
175	gb|AY177427.1|+|1141-2293|ARO:3003848|ADC-2	ATGCGATTTAAAAAAATTTCTTGTCTACTTTTATCTCCGCTTTTTATTTTTAGT...TAA	1152
176	gb|AY178995.1|+|0-1152|ARO:3003849|ADC-3	ATGCGATTTAAAAAAATTTCTTGTCTACTTTTATCCCCGCTTTTTTTTTTTAGT...TAA	1152
177	gb|AY178996.1|+|0-1152|ARO:3003850|ADC-4	ATGCGATTTAAAAAAATTTCTTGTCTACTTTTATCCCCGCTTTTTATTTTTAGT...TAA	1152
178	gb|AY210887|+|111-972|ARO:3001104|SHV-46	ATGCGTTATATTCGCCTGTGTATTATCTCCCTGTTAGCCACCCTGCCGCTGGCG...TAA	861
179	gb|AY223863|+|170-1031|ARO:3001113|SHV-57	ATGCGTTATATTCGCCTGTGTATTATCTCCCTGTTAGCCACCCTGCCGCTGGCG...TAA	861
180	gb|AY243512|+|208-1069|ARO:3000982|TEM-120	ATGAGTATTCAACATTTCCGTGTCGCCCTTATTCCCTTTTTTGCGGCATTTTGC...TAA	861
181	gb|AY259119|+|116-977|ARO:3001102|SHV-44	ATGCGTTATATTCGCCTGTGTATTATCTCCCTGTTAGCCACCCTGCCGCTGGCG...TAA	861
182	gb|AY263404|+|0-861|ARO:3001105|SHV-48	ATGCGTTATATTCGCCTGTGTATTATCTCCCTGTTAGCCACCCTGCCGCTGGCG...TAA	861
183	gb|AY271267|+|0-861|ARO:3000983|TEM-121	ATGAGTATTCAACATTTCCGTGTCGCCCTTATTCCCTTTTTTGCGGCATTTTGC...TAA	861
184	gb|AY277255|+|66-927|ARO:3001089|SHV-31	ATGCGTTATATTCGCCTGTGTATTATCTCCCTGTTAGCCACCCTGCCGCTGGCG...TAA	861
185	gb|AY288523|+|0-825|ARO:3001671|OXA-49	ATGAATAAATATTTTACTTGCTATGTGGTTGCTTCTCTTTTTCTTTCTGGTTGT...TAA	825
186	gb|AY288915|+|0-861|ARO:3001107|SHV-50	ATGCGTTATATTCGCCTGTGTATTATCTCCCTGTTAGCCACCCTGCCGCTGGCG...TAA	861
187	gb|AY289548|+|0-861|ARO:3001108|SHV-51	ATGCGTTATATTCGCCTGTGTATTATCTCCCTGTTAGCCACCCTGCCGCTGGCG...TAA	861
188	gb|AY306130|+|0-789|ARO:3001796|OXA-50	ATGCGCCCTCTCCTCTTCAGTGCCCTTCTCCTGCTTTCCGGGCATACCCAGGCC...TGA	789
189	gb|AY307100|+|0-861|ARO:3000984|TEM-122	ATGAGTATTCAACATTTCCGTGTCGCCCTTATTCCCTTTTTTGCGGCATTTTGC...TAA	861
190	gb|AY327539|+|0-858|ARO:3000985|TEM-123	ATGAGTATTAAACATTTCCGTGTCGCCCTTATTCCCTTTTTTGCGGCATTTTGC...TAA	858
191	gb|AY327540|+|0-858|ARO:3000986|TEM-124	ATGAGTATTAAACATTTTCGTGTCGCCCTTATTCCCTTTTTTGCGGCATTTTGC...TAA	858
192	gb|AY368236|+|0-861|ARO:3000989|TEM-127	ATGAGTATTCAACATTTTCGTGTCGCCCTTATTCCCTTTTTTGCGGCATTTTGC...TAA	861
193	gb|AY368237|+|0-861|ARO:3000990|TEM-128	ATGAGTATTCAACATTTTCGTGTCGCCCTTATTCCCTTTTTTGCGGCATTTTGC...TAA	861
194	gb|AY436361|+|131-992|ARO:3000995|TEM-131	ATGAGTATTCAACATTTCCGTGTCGCCCTTATTCCCTTTTTTGCGGCATTTTGC...TAA	861
195	gb|AY445080|+|0-801|ARO:3001795|OXA-56	ATGAAAACATTTGCCGCATATGTAATTACTGCGTGTCTTTCAAGTACGGCATTA...TAA	801
196	gb|AY453161|+|500-1430|ARO:3000090|BLA1	ATGATAGTTTTGAAAAACAAGAAAATGCTAAAAATAGGGATGTGTGTTGGTATA...TGA	930
197	gb|AY453162|+|500-1271|ARO:3004189|Bla2	ATGAAAAATACATTATTAAAATTAGGGGTATGTGTTAGTTTACTAGGAATAACT...TAA	771
198	gb|AY491682|+|0-861|ARO:3000996|TEM-132	ATGAGTATTCAACATTTTCGTGTCGCCCTTATTCCCTTTTTTGCGGCATTTTGC...TAA	861
199	gb|AY528425|+|0-861|ARO:3000997|TEM-133	ATGAGTATTCAACATTTCCGTGTCGCCCTTATTCCCTTTTTTGCGGCATTTTGC...TAA	861
200	gb|AY528718|+|413-1274|ARO:3001106|SHV-49	ATGCGTTATATTCGCCTGTGTATTATCTCCCTGTTAGCCACCCTGCCGCTGGCG...TAA	861
201	gb|AY574271|+|0-861|ARO:3000998|TEM-134	ATGAGTATTCAACATTTCCGTGTCGCCCTTATTCCCTTTTTTGCGGCATTTTGC...TAA	861
202	gb|AY589493|+|166-1027|ARO:3000975|TEM-112	ATGAGTATTCAACATTTCCGTGTCGCCCTTATTCCCTTTTTTGCGGCATTTTGC...TAA	861
203	gb|AY589494|+|193-1054|ARO:3000976|TEM-113	ATGAGTATTCAACATTTCCGTGTCGCCCTTATTCCCTTTTTTGCGGCATTTTGC...TAA	861
204	gb|AY589495|+|181-1042|ARO:3000977|TEM-114	ATGAGTATTCAACATTTCCGTGTCGCCCTTATTCCCTTTTTTGCGGCATTTTGC...TAA	861
205	gb|AY590467|+|0-729|ARO:3001110|SHV-53	TATTATCTCCCTGTTAGCCACCCTGCCGCTGGCGGTACACGCCAGCCCGCAGCC...CAA	729
206	gb|AY628175|+|210-1071|ARO:3000972|TEM-109	ATGAGTATTCAACATTTTCGTGTCGCCCTTATTCCCTTTTTTGCGGCATTTTGC...TAA	861
207	gb|AY628176|+|75-936|ARO:3000987|TEM-125	ATGAGTATTCAACATTTCCGTGTCGCCCTTATTCCCTTTCTTGCGGCATTTTGC...TAA	861
208	gb|AY628199|+|203-1064|ARO:3000988|TEM-126	ATGAGTATTCAACATTTTCGTGTCGCCCTTATTCCCTTTTTTGCGGCATTTTGC...TAA	861
209	gb|AY648950.1|+|0-1152|ARO:3003853|ADC-7	ATGCGATTTAAAAAAATTTCTTGTTTACTTTTATCCCCGCTTTTTATTTTTAGT...TAA	1152
210	gb|AY660529.1|+|121-676|ARO:3003676|AAC(6')-Ib'	GTGACCAACAGCAACGATTCCGTCACACTGCGCCTCATGACTGAGCATGACCTT...TAA	555
211	gb|AY661885|+|48-909|ARO:3001088|SHV-30	ATGCGTTATTTTCGCCTGTGTATTATCTCCCTGTTAGCCACCCTGCCGCTGGCG...TAA	861
212	gb|AY750907|+|0-825|ARO:3001613|OXA-64	ATGAACATTAAAGCACTCTTACTTATAACAAGCGCTATTTTTATTTCAGCCTGC...TAG	825
213	gb|AY750908|+|0-825|ARO:3001614|OXA-65	ATGAACATTAAAGCACTCTTACTTATAACAAGCGCTATTTTTATTTCAGCCTGC...TAG	825
214	gb|AY750910|+|0-825|ARO:3001616|OXA-68	ATGAACATTAAAGCACTCTTACTTATAACAAGCGCTATTTTTATTTCAGCCTGC...TAG	825
215	gb|AY750912|+|0-825|ARO:3001618|OXA-70	ATGAACATTAAAGCACTCTTACTTATAACAAGCGCTATTTTTATTTCAGCCTGC...TAG	825
216	gb|AY750913|+|0-825|ARO:3001619|OXA-71	ATGAACATTAAAGCCCTCTTACTTATAACAAGCGCTATTTTTATTTCAGCCTGC...TAG	825
217	gb|AY762325|+|115-937|ARO:3001785|OXA-73	ATGAATAAATATTTTACTTGCTATGTGGTTGCTTCTCTTTTTCTTTCTGGTTGT...TAA	822
218	gb|AY790341|+|0-861|ARO:3001114|SHV-59	ATGCGTTATATTCGCCTGTGTATTATCTCCCTGTTAGCCACCCTGCCGCTGGCG...TAA	861
219	gb|AY795964|+|0-822|ARO:3001418|OXA-23	ATGAATAAATATTTTACTTGCTATGTGGTTGCTTCTCTTTTTCTTTCTGGTTGT...TAA	822
220	gb|AY826417|+|0-861|ARO:3001000|TEM-136	ATGAGTATTCAACATTTCCGTGTCGCCCTTATTCCCTTTTTTGCGGCATTTTGC...TAA	861
221	gb|AY853593|+|214-1075|ARO:3001002|TEM-138	ATGAGTATTCAACATTTCCGTGTCGCCCTTATTCCCTTTTTTGCGGCATTTTGC...TAA	861
222	gb|AY862132|+|0-825|ARO:3001645|OXA-78	ATGAACATTAAAGCACTCTTACTTATAACAAGCGCTATTTTTATTTCAGCCTGC...TAG	825
223	gb|AY874537|+|177-1038|ARO:3000883|TEM-11	ATGAGTATTCAACATTTCCGTGTCGCCCTTATTCCCTTTTTTGCGGCATTTTGC...TAA	861
224	gb|AY949202|+|0-825|ARO:3001622|OXA-77	ATGAACATTAAAGCACTCTTACTTATCACAAGCGCTATTTTTATTTCAGCCTGC...TAG	825
225	gb|AY949203|+|0-825|ARO:3001621|OXA-76	ATGAACATTAAAGCACTCTTACTTATAACAAGCGCTATTTTTATTTCAGCCTGC...TAG	825
226	gb|AY956335|+|38-899|ARO:3001004|TEM-141	ATGAGTATTCAACATTTCCGTGTCGCCCTTATTCCCTTTTTTGCGGCATTTTGC...TAA	861
227	gb|BX664015.1|-|103017-103833|ARO:3002641|APH(3')-Ia	ATGAGCCATATTCAACGGGAAACGTCTTGCTCGAGGCCGCGATTAAATTCCAAC...TGA	816
228	gb|CP000813.4|-|2349398-2350187|ARO:3004759|BPU-1	TTGAAGAAAAAGTATATAAAAAGGCTGTTTTCTTGCATCATGCTGATGGCATTT...TAG	789
229	gb|CP001182.1|+|2873299-2874451|ARO:3003796|Acinetobacter_baumannii_AmpC_beta-lactamase	ATGCGATTTAAAAAAATTTCTTGTCTACTTTTATCCCCGCTTTTTATTTTTAGT...TAA	1152
230	gb|CP001633.1|-|630303-631167|ARO:3004801|FTU-1	ATGCGTCTATTAGTTACAACTTTATCATTAATCCCGAGTATCATACTAGCTGCT...TAA	864
231	gb|CP001921.1|+|2803996-2805148|ARO:3003870|ADC-31	ATGCGATTTAAAAAAATTTCTTGTCTACTTTTATCCCCGCTTTTTATTTTTAGT...TAA	1152
232	gb|CP003022|+|336788-337580|ARO:3003197|aadA25	ATGAGGGAAGCGGTGACCATCGAAATTTCGAACCAACTATCAGAGGTGCTAAGC...TAA	792
233	gb|CP006845.1|+|539695-540745|ARO:3002814|clbA	ATGCAACAAAAAAACAAGTATATAAGAATCCAAGAGTTCCTGAAGCAAAATAAA...TAA	1050
234	gb|CP010314.1|+|275837-276758|ARO:3004541|mphK	ATGACAAACCTTAACGAAAAACAGCTTATCACTGAGATTGTCGGGCTTGCACGC...TAA	921
235	gb|CP038661.1|+|6223618-6224407|ARO:3003643|OXA-486	ATGCGCCCTCTCCTCTTCAGTGCCCTTCTCCTGCTTTCCGGGCATACCCAGGCC...TGA	789
236	gb|CP045110.1|-|521271-522372|ARO:3005051|LpsB	ATGAAAGTGATGCAACTTCTCCCAGAACTCAATAGCGGTGGCGTAGAACGCGGC...TAA	1101
237	gb|CU459141.1|+|2175316-2176141|ARO:3001617|OXA-69	ATGAACATTAAAGCACTCTTACTTATAACAAGCGCTATTTTTATTTCAGCCTGC...TAG	825
238	gb|CU468230.2|+|1959577-1960402|ARO:3001620|OXA-75	ATGAACATTCAAGCACTCTTACTTATAACAAGCGCTATTTTTATTTCAGCCTGC...TAG	825
239	gb|D16251.1|-|1625-2531|ARO:3000316|mphA	ATGACCGTAGTCACGACCGCCGATACCTCCCAACTGTACGCACTTGCAGCCCGA...TGA	906
240	gb|DQ013287|+|0-861|ARO:3001124|SHV-70	ATGCGTTATATTCGCCTGTGTATTATCTCCCTGTTAGCCACCCTGCCGCTGGCG...TAA	861
241	gb|DQ072853|+|0-861|ARO:3001003|TEM-139	ATGAGTATTCAACATTTTCGTGTCGCCCTTATTCCCTTTTTTGCGGCATTTTGC...TAA	861
242	gb|DQ075245|+|217-1078|ARO:3001006|TEM-143	ATGAGTATTCAACATTTTCGTGTCGCCCTTATTCCCTTTTTTGCGGCATTTTGC...TAA	861
243	gb|DQ105528|+|0-861|ARO:3001012|TEM-145	ATGAGTATTCAACATTTCCGTGTCGCCCTTATTCCCTTTTTTGCGGCATTTTGC...TAA	861
244	gb|DQ105529|+|0-861|ARO:3001013|TEM-146	ATGAGTATTCAACATTTCCGTGTCGCCCTTATTCCCTTTTTTGCGGCATTTTGC...TAA	861
245	gb|DQ149247|+|0-825|ARO:3001703|OXA-86	ATGAACATTAAAACACTCTTACTTATAACAAGCACTATTTTTATTTCAGCCTGC...TAG	825
246	gb|DQ174304|+|4-865|ARO:3001119|SHV-64	ATGCGTTATATTCGCCTGTGTATTATCTCCCTGTTAGCCACCCTGCCGCTGGCG...TAA	861
247	gb|DQ174305|+|4-865|ARO:3001120|SHV-65	ATGCGTTATATTCGCCTGTGTATTATCTCCCTGTTAGCCACCCTGCCGCTGGCG...TAA	861
248	gb|DQ174306|+|4-865|ARO:3001121|SHV-66	ATGCGTTATATTCGCCTGTGTATTATCTCCCTGTTAGCCACCCTGCCGCTGGCG...TAA	861
249	gb|DQ174307|+|4-865|ARO:3001122|SHV-67	ATGCGTTATATTCGCCTGTGTATTATCTCCCTGTTAGCCACCCTGCCGCTGGCG...TAA	861
250	gb|DQ174308|+|4-865|ARO:3001123|SHV-69	ATGCGTTATATTCGCCTGTGTATTATCTCCCTGTTAGCCACCCTGCCGCTGGCG...TAA	861
251	gb|DQ193536|+|0-861|ARO:3001141|SHV-89	ATGCGTTATATTCGCCTGTGTATTATCTCCCTGTTAGCCACCCTGCCGCTGGCG...TAA	861
252	gb|DQ241380.1|+|0-777|ARO:3002539|AAC(3)-IV	GTGCAATACGAATGGCGAAAAGCCGAGCTCATCGGTCAGCTTCTCAACCTTGGG...TGA	777
253	gb|DQ279850|+|0-861|ARO:3001014|TEM-147	ATGAGTATTCAACATTTCCGTGTCGCCCTTATTCCCTTTTTTGCGGCATTTTGC...TAA	861
254	gb|DQ286729|+|0-861|ARO:3000924|TEM-55	ATGAGTATTCAACATTTCCGTGTCGCCCTTATTCCCTTTTTTGCGGCATTTTGC...TAA	861
255	gb|DQ303918|+|0-600|ARO:3002547|AAC(6')-Ib-cr	ATGAGCAACGCAAAAACAAAGTTAGGCATCACAAAGTACAGCATCGTGACCAAC...TAA	600
256	gb|DQ309276|+|0-825|ARO:3001624|OXA-84	ATGAACATTAAAGCACTCTTACTTATAACAAGCGCTATTTTTATTTCAGCCTGC...TAG	825
257	gb|DQ309277|+|0-825|ARO:3001623|OXA-83	ATGAACATTAAAGCACTCTTACTTATAACAAGCGCTATTTTTATTTCAGCCTGC...TAG	825
258	gb|DQ322460|+|15-876|ARO:3001139|SHV-85	ATGCGTTATATTCGCCTGTGTATTATCTCCCTGTTAGCCACCATGCCGCTGGCG...TAA	861
259	gb|DQ328802|+|0-861|ARO:3001140|SHV-86	ATGCGTTTTATTCGCCTGTGTATTATCTCCCTGTTAGCCACCCTGCCGCTGGCG...TAA	861
260	gb|DQ335566|+|0-825|ARO:3001632|OXA-92	ATGAACATTAAAGCACTCTTACTTATAACAAGCGCTATTTTTATTTCAGCCTGC...TAG	825
261	gb|DQ348075|+|0-825|ARO:3001704|OXA-87	ATGAACATTAAAACACTCTTACTTATAACAAGCACTATTTTTATTTCAGCCTGC...TAG	825
262	gb|DQ369751|+|0-861|ARO:3001016|TEM-149	ATGAGTATTCAACATTTCCGTGTCGCCCTTATTCCCTTTTTTGCGGCATTTTGC...TAA	861
263	gb|DQ388882|+|0-861|ARO:3001005|TEM-142	ATGAGTATTCAACATTTCCGTGTCGCCCTTATTCCCTTTTTTGCGGCATTTTGC...TAA	861
264	gb|DQ392963|+|8-833|ARO:3001626|OXA-88	ATGAACATTAAAGCACTCTTACTTATAACAAGCGCTATTTTTATTTCAGCCTGC...TAG	825
265	gb|DQ393783|+|1799-2591|ARO:3002615|aadA15	ATGAGGGAAGCGGTGATCGCCGAAGTATCGACTCAACTATCAGAGGTAGTTGGC...TGA	792
266	gb|DQ445683|+|0-825|ARO:3001625|OXA-89	ATGAACATTAAAACACTCTTACTTATAACAAGCGCTATTTTTATTTCAGCCTGC...TAG	825
267	gb|DQ491200|+|0-825|ARO:3001437|OXA-67	ATGAACATTAAAGCACTCTTACTTATAACAAGCACTATTTTTATTTCAGCCTGC...TAG	825
268	gb|DQ519086|+|1198-2023|ARO:3001627|OXA-91	ATGAACATTAAAGCACTCTTACTTATAACAAGCGCTATTTTTATTTCAGCCTGC...TAG	825
269	gb|DQ519087|+|38-863|ARO:3001628|OXA-93	ATGAACATTAAAGCCCTCTTACTTATAACAAGCACTATTTTTATTTCAGCCTGC...TAG	825
270	gb|DQ519088|+|8-833|ARO:3001629|OXA-94	ATGAACATTCAAGCACTCTTACTTATAACAAGCGCTATTTTTATTTCAGCCTGC...TAG	825
271	gb|DQ519089|+|8-833|ARO:3001630|OXA-95	ATGAACATTAAAGCACTCTTCCTTATAACAAGCGCTATTTTTATTTCAGCCTGC...TAG	825
272	gb|DQ677333|+|0-780|ARO:3002621|aadA24	GTGACCATCGAAATTTCGAACCAACTATCAGAGGTGCTAAGCGTCATTGAGCGC...TAA	780
273	gb|DQ679961|+|114-975|ARO:3001021|TEM-155	ATGAGTATTCAACATTTCCGTGTCGCCCTTATTCCCTTTTTTGCGGCATTTTGC...TAA	861
274	gb|DQ823382|+|0-1569|ARO:3002830|vgaALC	ATGAAAATACTGTTAGAGGGACTTCATATAAAACATTATGTTCAAGATCGTTTA...TAA	1569
275	gb|DQ834728|+|205-1066|ARO:3001019|TEM-152	ATGAGTATTCAACATTTCCGTGTCGCCCTTATTCCCTTTTTTGCGGCATTTTGC...TAA	861
276	gb|DQ834729|+|205-1066|ARO:3001018|TEM-151	ATGAGTATTCAACATTTCCGTGTCGCCCTTATTCCCTTTTTTGCGGCATTTTGC...TAA	861
277	gb|DQ836922|+|0-861|ARO:3001144|SHV-92	ATGCGTTATATTCGCCTGTGTATTATCTCCCTGTTAGCCACCCTGCCGCTGGCG...TAA	861
278	gb|DQ839391.1|-|12872-13757|ARO:3003741|mphE	ATGACAATTCAAGATATTCAATCACTTGCTGAAGCACACGGCTTGTTGCTTACG...TAA	885
279	gb|DQ883640.1|+|0-1167|ARO:3003855|ADC-10	ATGCGATTTAAAAAAATTTCTTGTCTACTTTTATCCCCGCTTTTTATTTTTAGT...TAA	1167
280	gb|DQ888718|+|0-825|ARO:3001649|OXA-99	ATGAACATTAAAACACTCTTACTTATAACAAGCGCTATTTTTATTTCAGCCTGC...TAG	825
281	gb|DQ902344.1|+|2716-3517|ARO:3001412|OXA-17	ATGAAAACATTTGCCGCATATGTAATTATCGCGTGTCTTTCGAGTACGGCATTA...TAA	801
282	gb|DQ909059|+|0-861|ARO:3001023|TEM-157	ATGAGTATTCAACATTTCCGAGTCGCCCTTATTCCCTTTTTTGCGGCATTTTGC...TAA	861
283	gb|EF016355.1|+|0-1152|ARO:3003868|ADC-25	ATGCGATTTAAAAAAATTTCTTGTCTACTTTTATCCCCGCTTTTTATTTTTAGT...TAA	1152
284	gb|EF016356.1|+|0-825|ARO:3001615|OXA-66	ATGAACATTAAAGCACTCTTACTTATAACAAGCGCTATTTTTATTTCAGCCTGC...TAG	825
285	gb|EF136376|+|0-861|ARO:3001025|TEM-159	ATGAGTATTCAACATTTCCGTGTCGCCCTTATTCCCTTTTTTGCGGCATTTTGC...TAA	861
286	gb|EF136377|+|0-861|ARO:3001026|TEM-160	ATGAGTATTCAACATTTCCGTGTCGCCCTTATTCCCTTTTTTGCGGCATTTTGC...TAA	861
287	gb|EF373969|+|0-861|ARO:3001145|SHV-93	ATGCGTTATATTCGCCTGTGTATTATCTCCCTGTTAGCCACCCTGCCGCTGGCG...TAA	861
288	gb|EF373970|+|0-861|ARO:3001146|SHV-94	ATGCGTTATATTCGCCTGTGTATTATCTCCCTGTTAGCCACCCTGCCGCTGGCG...TAA	861
289	gb|EF373971|+|0-861|ARO:3001148|SHV-96	ATGCGTTATATTCGCCTGTGTATTATCTCCCTGTTAGCCACCCTGCCGCTGGCG...TAA	861
290	gb|EF373972|+|0-861|ARO:3001147|SHV-95	ATGCGTTATATTCGCCTGTGTATTATCTCCCTGTTAGCCACCCTGCCGCTGGCG...TAA	861
291	gb|EF373973|+|0-861|ARO:3001149|SHV-97	ATGCGTTATATTCGCCTGTGTATTATCTCCCTGTTAGCCACCCTGCCGCTGGCG...TAA	861
292	gb|EF468463|+|66-927|ARO:3001028|TEM-162	ATGAGTATTCAACATTTCCGTGTCGCCCTTATTCCCTTTTTTGCGGCTTTTTGC...TAA	861
293	gb|EF534736|+|213-1074|ARO:3001024|TEM-158	ATGAGTATTCAACATTTTCGTGTCGCCCTTATTCCCTTTTTTGCGGCATTTTGC...TAA	861
294	gb|EF650032|+|0-825|ARO:3001637|OXA-106	ATGAACATTAAAGCACTCTTACTTATAACAAGCGCTATTTTTATTTCAGCCTGC...TAG	825
295	gb|EF650033|+|0-825|ARO:3001638|OXA-107	ATGAACATTAAAGCACTCTTACTTATAACAAGCGCTATTTTTATTTCAGCCTGC...TAG	825
296	gb|EF650034|+|0-825|ARO:3001639|OXA-108	ATGAACATTAAAGCACTCTTACTTATAACAAGCGCTATTTTTATTTCAGCCTGC...TAG	825
297	gb|EF650035|+|0-825|ARO:3001640|OXA-109	ATGAACATTAAAGCACTCTTACTTATAACAAGCGCTATTTTTATTTCAGCCTGC...TAG	825
298	gb|EF650036|+|0-825|ARO:3001641|OXA-110	ATGAACATTAAAGCACTCTTACTTATAACAAGCGCTATTTTTATTTCAGCCTGC...TAG	825
299	gb|EF650037|+|0-825|ARO:3001642|OXA-111	ATGAACATTAAAACACTCTTACTTATAACAAGCGCTATTTTTATTTCAGCCTGC...TAG	825
300	gb|EF650038|+|0-825|ARO:3001643|OXA-112	ATGAACATTAAAGCACTCTTACTTATAACAAGCGCTATTTTTATTTCAGCCTGC...TAG	825
301	gb|EF653400|+|434-1259|ARO:3001644|OXA-113	ATGAACATTAAAGCCCTCTTACTTATAACAAGCGCTATTTTTATTTCAGCCTGC...TAG	825
302	gb|EU019534|+|0-825|ARO:3001633|OXA-79	ATGAACATTAAAGCACTCTTACTTATAACAAGCGCTATTTTTATTTCAGCCTGC...TAG	825
303	gb|EU019535|+|0-825|ARO:3001634|OXA-80	ATGAACATTAAAGCACTCTTACTTATAACAAGCGCTATTTTTATTTCAGCCTGC...TAG	825
304	gb|EU019536|+|0-825|ARO:3001635|OXA-82	ATGAACATTAAAGCACTCTTACTTATAACAAGCGCTATTTTTATTTCAGCCTGC...TAG	825
305	gb|EU024485|+|0-861|ARO:3001151|SHV-102	ATGCGTTATATTCGCCTGTGTATTATCTCCCTGTTAGCCACCCTGCCGCTGGCG...TAA	861
306	gb|EU029998|+|575-1400|ARO:3001440|OXA-115	ATGAACATTAAAGCACTCTTACTTATAACAAGCGCTATTTTTATTTCAGCCTGC...TAG	825
307	gb|EU032604|+|0-861|ARO:3001152|SHV-103	ATGCGTTATATTCGCCTGTGTATTATCTCCCTGTTAGCCACCCTGCCGCTGGCG...TAA	861
308	gb|EU085533|+|0-519|ARO:3002591|AAC(6')-Ib-Suzhou	ATGACTGAGCATGACCTTGCGATGCTCTATGAGTGGCTAAATCGATCTCATATC...TAA	519
309	gb|EU155018|+|0-861|ARO:3001150|SHV-101	ATGCGTTATATTCGCCTGTGTATTATCTCCCTGTTAGCCACCCTGCCGCTGGCG...TAA	861
310	gb|EU220744|+|0-786|ARO:3001441|OXA-116	TTACTTATAACAAGCGCTATTTTTATTTCAGCCTGCTCACCTTATATAGTGTCT...TTA	786
311	gb|EU255291.1|+|0-825|ARO:3001444|OXA-122	ATGAACATTAAAGCACTCTTACTTATAACAAGCGCTATTTTTATTTCAGCCTGC...TAG	825
312	gb|EU255292.1|+|0-825|ARO:3001445|OXA-123	ATGAACATTAAAGCACTCTTACTTATAACAAGCGCTATTTTTATTTCAGCCTGC...TAG	825
313	gb|EU255293.1|+|0-825|ARO:3001446|OXA-124	ATGAACATTAAAGCACTCTTACTTATAACAAGCGCTATTTTTATTTCAGCCTGC...TAG	825
314	gb|EU255294.1|+|0-825|ARO:3001447|OXA-125	ATGAACATTAAAGCACTCTTACTTATAACAAGCGCTATTTTTATTTCAGCCTGC...TAG	825
315	gb|EU255295.1|+|0-825|ARO:3001448|OXA-126	ATGAACATTAAAGCACTCTTACTTATAACAAGCGCTATTTTTATTTCAGCCTGC...TAG	825
316	gb|EU255296.1|+|0-825|ARO:3001449|OXA-127	ATGAACATTAAAGCACTCTTACTTATAACAAGCGCTATTTTTATTTCAGCCTGC...TAG	825
317	gb|EU274580|+|214-1075|ARO:3001030|TEM-164	ATGAGTATTCAACATTTTCGTGTCGCCCTTATTCCCTTTTTTGCGGCATTTTGC...TAA	861
318	gb|EU274581|+|0-861|ARO:3001153|SHV-104	TTGCGTTATATTCGCCTGTGTATTATCTCCCTGTTAGCCACCCTGCCGCTGGCG...TAA	861
319	gb|EU294228.1|+|21241-22717|ARO:3003109|msrE	ATGAGTTTAATTATTAAAGCGAGAAACATACGCTTGGATTATGCTGGGCGTGAT...TAA	1476
320	gb|EU342351|+|172-1033|ARO:3001118|SHV-63	ATGCGTTATATTCGCCTGTGTATTATCTCCCTGTTAGCCACCCTGCCGCTGGCG...TAA	861
321	gb|EU358785|+|720-1521|ARO:3001803|OXA-142	ATGAAAACATTTGCCGCATATGTAATTATCGCGTGTCTTTCGAGTACGGCATTA...TAA	801
322	gb|EU375515|+|0-825|ARO:3001648|OXA-128	ATGAACATTAAAGCACTCTTACTTATAACAAGCGCTATTTTTATTTCAGCCTGC...TAG	825
323	gb|EU418913|+|16-877|ARO:3001158|SHV-109	ATGCGTTATATTCGCCGGTGTATTATCTCCCTGTTAGCCACCCTGCCGCTGGCG...TAA	861
324	gb|EU547445|+|0-825|ARO:3001651|OXA-130	ATGAACATTAAAGCACTCTTACTTATAACAAGCGCTATTTTTATTTCAGCCTGC...TAG	825
325	gb|EU547446|+|0-825|ARO:3001652|OXA-131	ATGAACATTAAAGCACTCTTACTTATAACAAGCGCTATTTTTATTTCAGCCTGC...TAG	825
326	gb|EU547447|+|0-825|ARO:3001653|OXA-132	ATGAACATTAAAACACTCTTACTTATAACAAGCGCTATTTTTATTTCAGCCTGC...TAG	825
327	gb|EU571228|+|822-1644|ARO:3001702|OXA-133	ATGAATAAATATTTTACTTGCTATGTGGTTGCTTCTCTTTTTTTTTCTGGTTGT...TAA	822
328	gb|EU586041|+|0-861|ARO:3001112|SHV-56	ATGCGTTATATTCGCCTGTGTATTATCTCCCTGTTAGCCACCCTGCCGCTGGCG...TAA	861
329	gb|EU652244.1|+|0-1152|ARO:3003871|ADC-39	ATGCGATTTAAAAAAATTTCTTGTCTACTTTTATCCCCGCTTTTTATTTTTAGT...TAA	1152
330	gb|EU670845|+|1594-2419|ARO:3001655|OXA-138	ATGAACATTAAAACCCTCTTACTTATAACAAGCGCTATTTTTATTTCAGCCTGC...TAG	825
331	gb|EU815939|+|0-861|ARO:3001029|TEM-163	ATGAGTATTCAACATTTCCGTGTCGCCCTTATTCCCTTTTTTGCGGCATTTTGC...TAA	861
332	gb|FJ194494|+|171-996|ARO:3001779|OXA-146	ATGAATAAATATTTTACTTGCTATGTGGTTGCTTCTCTTTTTCTTTCTGGTTGT...TAA	825
333	gb|FJ194944|+|46-907|ARO:3001154|SHV-105	ATGCGTTATTTTCGCCTGTGTATTATCTCCCTGTTAGCCACCCTGCCGCTGGCG...TAA	861
334	gb|FJ196385|-|8531-9323|ARO:3000413|sul3	ATGAGCAAGATTTTTGGAATCGTAAATATAACCACCGATAGTTTTTCCGATGGA...TAG	792
335	gb|FJ197316|+|0-861|ARO:3001032|TEM-166	ATGAGTATTCAACATTTTCGTGTCGCCCTTATTCCCTTTTTTGCGGCATTTTGC...TAA	861
336	gb|FJ360884|+|213-1074|ARO:3001033|TEM-167	ATGAGTATTCAACATTTCCGTGTCGCCCTTATTCCCTTTTTTGCGGCATTTTGC...TAA	861
337	gb|FJ405211|+|0-861|ARO:3000926|TEM-57	ATGAGTATTCAACATTTCCGTGTCGCCCTTATTCCCTTTTTTGCGGCATTTTGC...TAA	861
338	gb|FJ460181|+|1790-2582|ARO:3002617|aadA17	ATGAGGGTAGCGGTGACCATCGAAATTTCGAACCAACTATCAGAGGTGCTAAGC...TGA	792
339	gb|FJ503047|+|0-519|ARO:3002592|AAC(6')-Ib-Hangzhou	ATGACTGAGCATGACCTTGTGATGCTCTATGAGTGGCTAAATCGATCTCATATC...TAA	519
340	gb|FJ666064|+|0-1194|ARO:3002498|PDC-2	ATGCGCGATACCAGATTCCCCTGCCTGTGCGGCATCGCCGCTTCCACACTGCTG...TGA	1194
341	gb|FJ666065|+|0-1194|ARO:3002497|PDC-1	ATGCGCGATACCAGATTCCCCTGCCTGTGCGGCATCGCCGCTTCCACACTGCTG...TGA	1194
342	gb|FJ666066|+|0-1194|ARO:3002500|PDC-3	ATGCGCGATACCAGATTCCCCTGCCTGTGCGGCATCGCCGCTTCCACACTGCTG...TGA	1194
343	gb|FJ666067|+|0-1194|ARO:3002501|PDC-4	ATGCGCGATACCAGATTCCCCTGCCTGTGCGGCATCGCCGCTTCCACACTGCTG...TGA	1194
344	gb|FJ666068|+|0-1194|ARO:3002502|PDC-5	ATGCGCGATACCAGATTCCCCTGCCTGTGCGGCATCGCCGCTTCCACACTGCTG...TGA	1194
345	gb|FJ666069|+|0-1194|ARO:3002505|PDC-6	ATGCGCGATACCAGATTCCCCTGCCTGTGCGGCATCGCCGCTTCCACACTGCTG...TGA	1194
346	gb|FJ666070|+|0-1194|ARO:3002506|PDC-7	ATGCGCGATACCAGATTCCCCTGCCTGTGCGGCATCGCCGCTTCCACACTGCTG...TGA	1194
347	gb|FJ666071|+|0-1194|ARO:3002507|PDC-8	ATGCGCGATACCAGATTCCCCTGCCTGTGCGGCATCGCCGCTTCCACACTGCTG...TGA	1194
348	gb|FJ666072|+|0-1194|ARO:3002508|PDC-9	ATGCGCGATACCAGATTCCCCTGCCTGTGCGGCATCGCCGCTTCCACACTGCTG...TGA	1194
349	gb|FJ666073|+|0-1194|ARO:3002509|PDC-10	ATGCGCGATACCAGATTCCCCTGCCTGTGCGGCATCGCCGCTTCCACACTGCTG...TGA	1194
350	gb|FJ668814|+|76-937|ARO:3001059|SHV-1	ATGCGTTATATTCGCCTGTGTATTATCTCCCTGTTAGCCACCCTGCCGCTGGCG...TAA	861
351	gb|FJ790516|+|1287-2085|ARO:3001804|OXA-145	ATGAAAACATTTGCCGCATATGTAATTACTGCGTGTCTTTCAAGTACGGCATTA...TAA	798
352	gb|FJ807656|+|0-861|ARO:3001020|TEM-154	ATGAGTATTCAACATTTCCGTGTCGCCCTTATTCCCTTTTTTGCGGCATTTTGC...TAA	861
353	gb|FJ848783|+|1270-2071|ARO:3001801|OXA-147	ATGAAAACATTTGCCGCATATGTAATTACTGCGTGTCTTTCAAGTACGGCATTA...TAA	801
354	gb|FJ854362|+|1702-2257|ARO:3002576|AAC(6')-Ib3	GTGACCAACAGCAACGATTCCGTCACACTGCGCCTCATGACTGAGCATGACCTT...TAA	555
355	gb|FJ872530|+|0-825|ARO:3002480|OXA-144	ATGAACATTAAAGCACTCTTACTTATAACAAGCGCTATTTTTATTTCAGCCTGC...TAG	825
356	gb|FJ873740|+|0-858|ARO:3001035|TEM-169	ATGAGTATTCAACATTTCCGTGTCGCCCTTATTCCCTTTTTTGCGGCATTTTGC...TGG	858
357	gb|FJ905898.1|+|328-802|ARO:3004547|dfrA6	ATGAAAATATCCATTATGGCAGCTGTTTCCGAGAATGGAGTAATTGGCTCTGGA...TAA	474
358	gb|FJ919776|+|208-1069|ARO:3001034|TEM-168	ATGAGTATTCAACATTTCCGTGTCGCCCTTATTCCCTTTTTTGCGGCATTTTGC...TAA	861
359	gb|FN594949|+|25244-27167|ARO:3000556|tet44	ATGAAAATAATCAACATTGGTATTCTTGCTCATGTAGATGCAGGAAAGACGACC...TAA	1923
360	gb|FN649414.1|+|2765050-2766355|ARO:3004611|Escherichia_coli_ampC1_beta-lactamase	ATGAAACGGACAATGCTCTATCTTTCTCTGCTGGCTGTTAGTTGTAGCGTCAGC...TAA	1305
361	gb|FN652295|+|0-861|ARO:3001042|TEM-177	ATGAGTATTAAACATTTCCGTGTCGCCCTTATTCCCTTTTTTGCGGCATTTTGC...TAA	861
362	gb|FO203501.1|+|5123640-5125365|ARO:3005047|eptB	GTGCCACAGCGTCAGGCGGTGTTTTATTCTTCTTTTTCCAGGTTTGCTTGCATG...TAA	1725
363	gb|FO834906.1|+|304977-306633|ARO:3005053|ArnT	ATGAAAAGCATTCGCTATGGCGTCTCTCTGATTGCGCTGTTTGCGCTGTATTAT...TGA	1656
364	gb|FR717535|+|0-861|ARO:3000910|TEM-40	ATGAGTATTCAACATTTCCGTGTCGCCCTTATTCCCTTTTTTGCGGCATTTTGC...TAA	861
365	gb|FR848831|+|0-861|ARO:3001375|TEM-184	ATGAGTATTAAACATTTCCGTGTCGCCCTTATTCCCTTTTTTGCGGCATTTTGC...TAA	861
366	gb|FR853176|+|0-825|ARO:3001486|OXA-208	ATGAACATTAAAGCACTCTTACTTATAACAAGCGCTATTTTTATTTCAGCCTGC...TAG	825
367	gb|FR865168|+|0-825|ARO:3001488|OXA-216	ATGAACATTAAAGCACTCTTACTTATAACAAGCGCTATTTCTATTTCAGCCTGC...TAG	825
368	gb|GQ149347|+|5269-6130|ARO:3001037|TEM-171	ATGAGTATTCAACATTTCCGTGTCGCCCTTATTCCCTTTTTTGCGGCATTTTGC...TAA	861
369	gb|GQ390805|+|0-813|ARO:3001170|SHV-123	ATGCGTTATATTCGCCTGTGTATTATCTCCCTGTTAGCCACCCTGCCGCTGGCG...CAG	813
370	gb|GQ390806|+|0-813|ARO:3001171|SHV-124	ATGCGTTATATTCGCCTGTGTATTATCTCCCTGTTAGCCACCCTGCCGCTGGCG...CAG	813
371	gb|GQ390807|+|0-813|ARO:3001172|SHV-125	ATGCGTTATATTCGCCTGAATATTATCTCCCTGTTAGCCACCCTGCCGCTGGCG...CAG	813
372	gb|GQ390808|+|0-813|ARO:3001173|SHV-126	ATGCGTTATATTCGCCTGTGTATTATCTCCCTGTTAGCCACCCTGCCGCTGGCG...CAG	813
373	gb|GQ390809|+|0-813|ARO:3001174|SHV-127	ATGCGTTTTATTCGCCTGTGTATTATCTCCCTGTTAGCCACCCTGCCGCTGGCG...CAG	813
374	gb|GQ423625.1|+|0-825|ARO:3001442|OXA-117	ATGAACATTAAAGCACTCTTACTTATAACAAGCGCTATTTTTATTTCAGCCTGC...TAG	825
375	gb|GQ853679|+|0-825|ARO:3001453|OXA-148	ATGAACATTAAAGCACTCTTACTTATAACAAGCGCTATTTTTATTTCAGCCTGC...TAG	825
376	gb|GQ853680|+|0-825|ARO:3001454|OXA-149	ATGAACATTAAAGCCCTCTTACTTATAACAAGCGCTATTTTTATTTCAGCCTGC...TAG	825
377	gb|GQ853681|+|0-825|ARO:3001455|OXA-150	ATGAACATTAAAGCACTCTTACTTATAACAAGCGCTATTTTTATTTCAGCCTGC...TAG	825
378	gb|GQ891757|+|2004-2661|ARO:3002801|QnrVC4	ATGGATAAAACAGACCAGTTATATGTACAAGCAGACTTTTCACATCAAGACATG...TAA	657
379	gb|GU371926|-|50304-51165|ARO:3000903|TEM-33	ATGAGTATTCAACATTTTCGTGTCGCCCTTATTCCCTTTTTTGCGGCATTTTGC...TAA	861
380	gb|GU437214.1|+|0-774|ARO:3000858|armA	ATGGATAAGAATGATGTTGTTAAGAAGATACTTGAATCAAAAAAGTACGAAAAC...TAA	774
381	gb|GU550123|+|144-1005|ARO:3001041|TEM-176	ATGAGTATTCAACATTTTCGTGTCGCCCTTATTCCCTTTTTTGCGGCATTTTGC...TAA	861
382	gb|GU591983.1|+|0-1152|ARO:3004615|ADC-11	ATGCGATTTAAAAAAATTTCTTGTCTACTTTTATCCCCGCTTTTTATTTTTAGT...TAA	1152
383	gb|GU827715|+|0-861|ARO:3001176|SHV-129	ATGCGTTATATTCGCCTGTGTATTATCTCCCTGTTAGCCACCCTGCCGCTGGCG...TAA	861
384	gb|GU932590|+|0-861|ARO:3001175|SHV-128	ATGCGTTATATTCGCCTGTGTATTATCTCCCTGTTAGCCACCCTGCCGCTGGCG...TAA	861
385	gb|HE616889|+|1826-2627|ARO:3001502|OXA-256	ATGAAAACATTTGCCGCATATGTAATTATCGCGTGTCTTTCGAGTACGGCATTA...TAA	801
386	gb|HE963768|+|0-825|ARO:3001672|OXA-120	ATGAACATTAAAGCACTCTTACTTATAACAAGCGCTATTTTTATTTCAGCCTGC...TAG	825
387	gb|HE963769|+|0-825|ARO:3001673|OXA-248	ATGAACATTAAAGCACTCTTACTTATAACAAGCGCTATTTTTATTTCAGCCTGC...TAG	825
388	gb|HE963770|+|0-825|ARO:3001674|OXA-249	ATGAACATTAAAGCACTCTTACTTATAACAAGCGCTATTTTTATTTCAGCCTGC...TAG	825
389	gb|HE963771|+|0-825|ARO:3001675|OXA-250	ATGAACATTAAAGCACTCTTACTTATAACAAGCGCTATTTTTATTTCAGCCTGC...TAG	825
390	gb|HE981194|+|0-861|ARO:3001347|SHV-164	ATGCGTTATATTCGCCTGTGTATTATCTCCCTGTTAGCCACCCTGCCGCTGGCG...TAA	861
391	gb|HF947514|+|0-825|ARO:3001504|OXA-309	ATGAAAACTTTACAGTTGGCTCTCATCGCCCTCATTACAACCTTCGGTTCTGCA...TAA	825
392	gb|HG931732.1|+|0-825|ARO:3001559|OXA-373	ATGAAAACTTTACAGTTGGCTCTCATCGCCCTCATTACAACCTTCGGTTCTGCA...TAA	825
393	gb|HG934763|+|0-861|ARO:3001394|TEM-217	ATGAGTATTCAACATTTTCGTGTCGCCCTTATTCCCTTTTTTGCGGCATTTTGC...TAA	861
394	gb|HG934764|+|0-864|ARO:3001351|SHV-183	ATGCGTTATATTCGCCTGTGTATTATCTCCCTGTTAGCCACCCTGCCGCTGGCG...TAA	864
395	gb|HM113558|+|0-825|ARO:3001656|OXA-172	ATGAACATTAAAGCACTCTTACTTATAACAAGCGCTATTTTTATTTCAGCCTGC...TAG	825
396	gb|HM113559|+|0-825|ARO:3001657|OXA-173	ATGAACATTAAAGCACTCTTACTTATAACAAGCGCTATTTTTATTTCAGCCTGC...TAG	825
397	gb|HM113560|+|0-825|ARO:3001658|OXA-174	ATGAACATTAAAGCACTCTTACTTATAACAAGCGCTATTTTTATTTCAGCCTGC...TAG	825
398	gb|HM113561|+|0-825|ARO:3001659|OXA-175	ATGAACATTAAAGCACTCTTACTTATAACAAGCGCTATTTTTATTTCAGCCTGC...TAG	825
399	gb|HM113562|+|0-825|ARO:3001660|OXA-176	ATGAACATTAAAGCACTCTTACTTATAACAAGCGCTATTTTTATTTCAGCCTGC...TAG	825
400	gb|HM113563|+|0-825|ARO:3001661|OXA-177	ATGAACATTAAAGCACTCTTACTTATAACAAGCGCTATTTTTATTTCAGCCTGC...TAG	825
401	gb|HM113564|+|0-825|ARO:3001472|OXA-178	ATGAACATTAAAGCACTCTTACTTATAACAAGCGCTATTTTTATTTCAGCCTGC...TAG	825
402	gb|HM246246|+|211-1069|ARO:3001047|TEM-187	ATGAGTATTCAACATTTCCGTGTCGCCCTTATTCCCTTTTTTGCGGCATTTTGC...TGA	858
403	gb|HM488986|+|0-822|ARO:3001465|OXA-165	ATGAATAAATATTTTACTTGCTATGTGGTTGCTTCTCTTTTTCTTTCTGGTTGT...TAA	822
404	gb|HM488987|+|0-822|ARO:3001466|OXA-166	ATGAATAAATATTTTACTTGCTATGTGGTTGCTTCTCTTTTTCTTTCTGGTTGT...TAA	822
405	gb|HM488988|+|0-822|ARO:3001467|OXA-167	ATGAATAAATATTTTACTTGCTATGTGGTTGCTTCTCTTTTTCTTTCTGGTTGT...TAA	822
406	gb|HM488989|+|0-822|ARO:3001468|OXA-168	ATGAATAAATATTTTACTTGCTATGTGGTTGCTTCTCTTTTTCTTTCTGGTTGT...TAA	822
407	gb|HM488990|+|0-822|ARO:3001469|OXA-169	ATGAATAAATATTTTACTTGCTATGTGGTTGCTTCTCTTTTTCTTTCTGGTTGT...TAA	822
408	gb|HM488991|+|0-822|ARO:3001470|OXA-170	ATGAATAAATATTTTACTTGCTATGTGGTTGCTTCTCTTTTTCTTTCTGGTTGT...TAA	822
409	gb|HM488992|+|0-822|ARO:3001471|OXA-171	ATGAATAAATATTTTACTTGCTATGTGGTTGCTTCTCTTTTTCTTTCTGGTTGT...TAA	822
410	gb|HM559945|+|0-861|ARO:3001178|SHV-134	ATGCGTTATATTCGCCTGTGTATTATCTCCCTGTTAGCCACCCTGCCGCTGGCG...TAA	861
411	gb|HM570035|+|0-825|ARO:3001473|OXA-179	ATGAACATTAAAGCCCTCTTACTTATAACAAGCGCTATTTTTATTTCAGCCTGC...TAG	825
412	gb|HM570036|+|0-825|ARO:3001474|OXA-180	ATGAACATTAAAGCACTCTTACTTATAACAAGCGCTATTTTTATTTCAGCCTGC...TAG	825
413	gb|HM751100|+|0-861|ARO:3001157|SHV-108	ATGCGTTATATTCGCCTGTGTATTATCTCCCTGTTAGCCACCCTGCCGCTGGCG...TAA	861
414	gb|HM751103.1|+|0-864|ARO:3001169|SHV-122	ATGCGTTATATTCGCCTGTGTATTATCTCCCTGTTAGCCACCCTGCCGCTGGCG...TAA	864
415	gb|HQ111474|+|1056-1857|ARO:3001475|OXA-183	ATGAAAACATTTGCCGCATATGTAATTACTGCGTGTCTTTCAAGTACGGCATTA...TAA	801
416	gb|HQ317449|+|0-861|ARO:3001373|TEM-182	ATGAGTATTCAACATTTTCGTGTCGCCCTTATTCCCTTTTTTGCGGCATTTTGC...TAA	861
417	gb|HQ425492|+|0-822|ARO:3001479|OXA-194	ATGAACATTAAAGCCCTCTTCCTTATAACAAGCGCTATTTTTATTTCAGCCTGC...TTA	822
418	gb|HQ425493|+|0-822|ARO:3001480|OXA-195	ATGAACATTAAAGCACTCTTCCTTATAACAAGCGCTATTTTTATTTCAGCCTGC...TTA	822
419	gb|HQ425494|+|0-822|ARO:3001481|OXA-196	ATGAACATTCAAGCACTCTTACTTATAACAAGCGCTATTTTTATTTCAGCCTGC...TTA	822
420	gb|HQ425495|+|0-822|ARO:3001482|OXA-197	ATGAACATTAAAGCCCTCTTCCTTATAACAAGCGCTATTTTTATTTCAGCCTGC...TTA	822
421	gb|HQ529916|+|110-971|ARO:3001045|TEM-183	ATGAGTATTCAACATTTCCGTGTCGCCCTTATTCCCTTTTTTGCGGCATTTTGC...TAA	861
422	gb|HQ637576|+|0-861|ARO:3001179|SHV-135	ATGCGTTATATTCGCCTGTGTATTATCTCCCTGTTAGCCACCCTGCCGCTGGCG...TAA	861
423	gb|HQ661362|+|71-932|ARO:3001168|SHV-121	ATGCGTTATATTCGCCTGTGTATTATCTCCCTGTTAGCCGCCCTGCCGCTGGTG...TAA	861
424	gb|HQ661363|+|71-932|ARO:3001181|SHV-137	ATGCGTTATATTCGCCTGTGTATTATCTCCCTGTTAGCCACCCTGCCGCTGGCG...TAA	861
425	gb|HQ662682.1|+|0-1152|ARO:3003878|ADC-56	ATGCGATTTAAAAAAATTTCTTGTCTACTTTTATCCCCGCTTTTTATTTTTAGT...TAA	1152
426	gb|HQ734811|+|0-825|ARO:3001665|OXA-200	ATGAACATTAAAGCCCTCTTACTTATAACAAGCGCTATTTTTATTTCAGCCTGC...TAG	825
427	gb|HQ734812|+|0-825|ARO:3001666|OXA-201	ATGAACATTAAAGCACTCTTACTTATAACAAGCGCTATTTTTATTTCAGCCTGC...TAG	825
428	gb|HQ734813|+|0-825|ARO:3001667|OXA-202	ATGAACATTAAAGCACTCTTACTTATAACAAGCGCTATTTTTATTTCAGCCTGC...TAG	825
429	gb|HQ845196|+|0-861|ARO:3001109|SHV-52	ATGCGTTATATTCGCCTGTGTATTATCTCCCTGTTAGCCGCCCTGCCGCTGGCG...TAA	861
430	gb|HQ877606|+|0-861|ARO:3001056|TEM-197	ATGAGTATTCAACATTTCCGTGTCGCCCTTATTCCCTTTTTTGCGGCATTTTGC...TAA	861
431	gb|HQ877615|+|0-861|ARO:3001159|SHV-110	ATGCGTTATATTCGCCTGTGTATTATCTCCCTGTTAGCCACCCTGCCGCTGGCG...TAA	861
432	gb|HQ998857|+|0-825|ARO:3001664|OXA-203	ATGAACATTAAAGCACTCTTACTTATAACAAGCGCTATTTTTATTTCAGCCTGT...TAG	825
433	gb|JCMW02000002.1|-|55721-56522|ARO:3004489|OXA-663	ATGAAAACATTTGCCGCATATGTAATTATCGCGTGTCTTTCGAGTAAGGCATTA...TAA	801
434	gb|JEXY01000001.1|+|379-1531|ARO:3003888|ADC-82	ATGCGATTTAAAAAAATTTCTTGTCTACTTTTATCCCCGCTTTTTATTTTTAGT...TAA	1152
435	gb|JF265068.1|+|954-2106|ARO:3004617|ADC-30	ATGCGATTTAAAAAAATTTCTTGTCTACTTTTATCCCCGCTTTTTATTTTTAGT...TAA	1152
436	gb|JF795538|+|0-861|ARO:3001374|TEM-185	ATGAGTATTCAACATTTCCGTGTCGCCCTTATTCCCTTTTTTGCGGCATTTTGC...TAA	861
437	gb|JF812965|+|0-861|ARO:3001167|SHV-120	ATGCGTTATATTCGCCTGTGTATTATCTCCCTGTTAGCCACCCTGCCGCTGGCG...TAA	861
438	gb|JF949915|+|0-754|ARO:3001052|TEM-192	ATTCCCTTTTTTGCGGCATTTTGCCTTCCTGTTTTTGCTCACCCAGAAACGCTG...ACG	753
439	gb|JF969163|+|1053-1893|ARO:3000410|sul1	ATGGTGACGGTGTTCGGCATTCTGAATCTCACCGAGGACTCCTTCTTCGATGAG...TAG	840
440	gb|JN051143|+|0-861|ARO:3001182|SHV-140	AAGCGTTATATTCGCCTGTGTATTATCTCCCTGTTAGCCACCCTGCCGCTGGCG...TAA	861
441	gb|JN118546|+|1761-2562|ARO:3001500|OXA-251	ATGAAAACATTTGCCGCATATGTAATTATCGCGTGTCTTTCGAGTACGGCATTA...TAA	801
442	gb|JN211012|+|213-1074|ARO:3001048|TEM-188	ATGAGTATTCAACATTTCCGTGTCGCCCTTATTCCCTTTTTTGCGGCATTTTGC...TAA	861
443	gb|JN215211|+|0-825|ARO:3001668|OXA-219	ATGAACATTAAAACACTCTTACTTATAACAAGCGCTATTTTTATTTCAGCCTGC...TAG	825
444	gb|JN227084|+|308-1169|ARO:3001046|TEM-186	ATGAGTATTCAACATTTTCGTGTCGCCCTTATTCCCTTTTTTGCGGCATTTTGC...TAA	861
445	gb|JN248564|+|0-825|ARO:3001669|OXA-223	ATGAACATTAAAACACTCTTACTTATAACAAGCGCTATTTTTATTTCAGCCTGC...TAG	825
446	gb|JN254627|+|0-861|ARO:3001049|TEM-189	ATGAGTATTCAACATTTCCGTGTCGCCCTTATTCCCTTTTTTGCGGCATTTTGC...TAA	861
447	gb|JN408080|+|0-657|ARO:3002802|QnrVC5	ATGGATAAAACAGACCAGTTATATGTACAAGCAGACTTTTCACATCAAGACATG...TAA	657
448	gb|JN416112|+|0-861|ARO:3001050|TEM-190	ATGAGTATTCAACATTTCCGTGTCGCCCTTATTCCCTTTTTTGCGGCATTTTGC...TAA	861
449	gb|JN603240|+|0-825|ARO:3001489|OXA-217	ATGAACATTAAAGCACTCTTACTTATAACAAGCGCTATTTTTATTTCAGCCTGC...TAG	825
450	gb|JN638887|+|0-822|ARO:3001493|OXA-225	ATGAATAAATATTTTACTTGCTATGTGGTTGCTTCTCTTTTTCTTTCTGGTTGT...TAA	822
451	gb|JN861779|+|0-825|ARO:3001710|OXA-211	ATGAAAACTTTACAGTTGGCTCTCATCGCCCTCATTACAACCTTCGGTTCCGCA...TAA	825
452	gb|JN861780|+|0-825|ARO:3001711|OXA-212	ATGAAAACTTTACAGTCGGGCCTCATCGCCCTCATTACAACCTTCGGTTCCGCA...TAA	825
453	gb|JN935135|+|0-861|ARO:3001053|TEM-193	ATGAGTATTCAACATTTCCGTGTCGCCCTTATTCCCTTTTTTGCGGCATTTTGC...TAA	861
454	gb|JN935136|+|0-861|ARO:3001054|TEM-194	ATGAGTATTCAACATTTCCGTGTCGCCCTTATTCCCTTTTTTGCGGCATTTTGC...TAA	861
455	gb|JN935137|+|0-861|ARO:3001055|TEM-195	ATGAGTATTCAACATTTCCGTGTCGCCCTTATTCCCTTTTTTGCGGCATTTTGC...TAA	861
456	gb|JQ029959|+|28-889|ARO:3001184|SHV-142	ATGCGTTATATTCGCCTGTGTATTATCTCCCTGTTAGCCGCCCTGCCGCTGGCG...TAA	861
457	gb|JQ034306|+|0-861|ARO:3001376|TEM-196	ATGAGTATTCAACATTTTCGTGTCGCCCTTATTCCCTTTTTTGCGGCATTTTGC...TAA	861
458	gb|JQ319653.1|+|0-1152|ARO:3004618|ADC-58	ATGCGATTTAAAAAAATTTCTTGTTTACTTTTATCCCCGCTTTTTATTTTTAGT...TAA	1152
459	gb|JQ319654.1|+|0-1152|ARO:3004619|ADC-59	ATGCGATTTAAAAAAATTTCTTGTTTACTTTTATCCCCGCTTTTTATTTTTAGT...TAA	1152
460	gb|JQ340365|+|0-1434|ARO:3003583|basS	ATGTCCCGTGCCGCCGTCCCCTCCGTCCGCCGGCGCCTGCTGGTCAACCTGCTG...TGA	1434
461	gb|JQ341060.1|-|881-1742|ARO:3001344|SHV-143	ATGCGTTATATTCGCCTGTGTATTATCTCCCTGTTAGCCACCCTGCCGCTGGCG...TAA	861
462	gb|JQ388884|+|0-861|ARO:3001183|SHV-141	ATGCGTTATATTCGCCTGTGTATTATCTCCCTGTTAGCCACCCTGCCGCTGGCG...TAA	861
463	gb|JQ692087.1|+|0-1152|ARO:3004620|ADC-60	ATGCGATTTAAAAAAATTTCTTGTTTACTTTTATCCCCGCTTTTTATTTTTAGT...TAA	1152
464	gb|JQ753702.1|+|0-1152|ARO:3003879|ADC-61	ATGCGATTTAAAAAAATTTCTTGTCTACTTTTATCCCCGCTTTTTATTTTTAGT...TAA	1152
465	gb|JQ808129|+|633-1188|ARO:3002546|AAC(6')-Ib	GTGACCAACAGCAACGATTCCGTAACACTGCGCCTCATGACTGAGCATGACCTT...TAA	555
466	gb|JQ837239|+|0-822|ARO:3001498|OXA-239	ATGAATAAATATTTTACTTGCTATGTGGTTGCTTCTCTTTTTCTTTCTGGTTGT...TAA	822
467	gb|JQ867374.1|+|0-1152|ARO:3004632|ADC-62	ATGCGATTTAAAAAAATTTCTTGTCTACTTTTATCCCCGCTTTTTATTTTTAGT...TAA	1152
468	gb|JQ926986|+|0-861|ARO:3001345|SHV-144	ATGCGTTATATTCGCCTGTGTATTATCTCCCTGTTAGCCACCCTGCCGCTGGCG...TAA	861
469	gb|JX013655|+|0-861|ARO:3001185|SHV-145	ATGCGTTATATTCGCCTGTGTATTATCTCCCTGTTAGCCACCCTGCCGCTGGCG...TAA	861
470	gb|JX025021|+|0-825|ARO:3001679|OXA-241	ATGAACATTAAAGCCCTCTTACTTATAACAAGCGCTATTTTTATTTCAGCCTGC...TAG	825
471	gb|JX025022|+|0-825|ARO:3001680|OXA-242	ATGAACATTAAAACACTCTTACTTATAACAAGCGCTATTTTTATTTCAGCCTGC...TAG	825
472	gb|JX042489|+|141-1002|ARO:3000890|TEM-19	ATGAGTATTCAACATTTCCGTGTCGCCCTTATTCCCTTTTTTGCGGCATTTTGC...TAA	861
473	gb|JX050178|+|0-853|ARO:3001058|TEM-199	TCAACATTTCCGTGTCGCCCTTATTCCCTTTTTTGCGGCATTTTGCCTTCCTGT...TAA	853
474	gb|JX089628|+|0-801|ARO:3001499|OXA-240	ATGAAAACATTTGCCGCATATGTAATTATCGCGTGTCTTTCGAGTACGGCATTA...TAA	801
475	gb|JX121114|+|0-858|ARO:3001186|SHV-147	ATGCGTTATATTCGCCTGTGTATTATCTCCCTGTTAGCCACCCTGCCGCTGGCG...CGC	858
476	gb|JX121115|+|0-858|ARO:3001187|SHV-148	ATGCGTTATATTCGCCTGTGTATTATCTCCCTGTTAGCCACCCTGCCGCTGGCG...CAA	858
477	gb|JX121116|+|0-858|ARO:3001188|SHV-149	ATGCGTTATATTCGCCTGTGTATTATCTCCCTGTTAGCCACCCTGCCGCTGGCG...CGC	858
478	gb|JX121117|+|0-858|ARO:3001189|SHV-150	ATGCGTTATATTCGCCTGTGTATTATCTCCCTGTTAGCCACCCTGCCGCTGGCG...CGC	858
479	gb|JX121118|+|0-858|ARO:3001190|SHV-151	ATGCGTTATATTCGCCTGTGTATTATCTCCCTGTTAGCCACCCTGCCGCTGGCG...CGC	858
480	gb|JX121119|+|0-858|ARO:3001191|SHV-152	ATGCGTTATATTCGCCTGTGTATTATCTCCCTGTTAGCCACCCTGCCGCTGGCG...CGC	858
481	gb|JX121120|+|0-858|ARO:3001192|SHV-153	ATGCGTTATATTCGCCTGTGTATTATCTCCCTGTTAGCCACCCTGCCGCTGGCG...CGC	858
482	gb|JX121121|+|0-858|ARO:3001193|SHV-154	ATGCGTTATATTCGCCTGTGTATTATCTCCCTGTTAGCCACCCTGCCGCTGGCG...CGC	858
483	gb|JX121122|+|0-858|ARO:3001194|SHV-155	ATGCGTTATATTCGCCTGTGTATTATCTCCCTGTTAGCCACCCTGCCGCTGGCG...CAA	858
484	gb|JX121123|+|0-861|ARO:3001195|SHV-156	ATGCGTTATATTCGCCTGTGTATTATCTCCCTGTTAGCCACCCTGCCGCTGGCG...TAA	861
485	gb|JX121124|+|0-861|ARO:3001196|SHV-157	ATGCGTTATATTCGCCTGTGTATTATCTCCCTGTTAGCCACCCTGCCGCTGGCG...TAA	861
486	gb|JX121125|+|0-858|ARO:3001197|SHV-158	ATGCGTTATATTCGCCTGTGTATTATCTCCCTGTTAGCCACCCTGCCGCTGGCG...CGC	858
487	gb|JX121126|+|0-858|ARO:3001198|SHV-159	ATGCGTTATATTCGCCTGTGTATTATCTCCCTGTTAGCCACCCTGCCGCTGGCG...CGC	858
488	gb|JX121127|+|0-861|ARO:3001199|SHV-160	ATGCGTTATATTCGCCTGTGTATTATCTCCCTGTTAGCCACCCTGCCGCTGGCG...TAA	861
489	gb|JX121128|+|0-861|ARO:3001200|SHV-161	ATGCGTTATATTCGCCTGTGTATTATCTCCCTGTTAGCCACCCTGCCGCTGGCG...TAA	861
490	gb|JX121129|+|0-858|ARO:3001201|SHV-162	ATGCGTTATATTCGCCTGTGTATTATCTCCCTGTTAGCCACCCTGCCGCTGGCG...CGC	858
491	gb|JX121130|+|0-858|ARO:3001202|SHV-163	ATGCGTTATATTCGCCTGTGTATTATCTCCCTGTTAGCCACCCTGCCGCTGGCG...CAA	858
492	gb|JX121131|+|0-858|ARO:3001203|SHV-165	ATGCGTTATATTCGCCTGTGTATTATCTCCCTGTTAGCCCCCCTGCCGCTGGCG...CGC	858
493	gb|JX169789.1|+|0-1152|ARO:3004633|ADC-67	ATGCGATTTAAAAAAATTTCTTGTCTACTTTTATCCCCGCTTTTTATTTTTAGT...TAA	1152
494	gb|JX268631|+|0-861|ARO:3001091|SHV-33	ATGCGTTATATTCGCCTGTGTATTATCTCCCTGTTAGCCACCCTGCCGCTGGCG...TAA	861
495	gb|JX310327|+|0-861|ARO:3001378|TEM-201	ATGAGTATTCAACATTTTCGTGTCGCCCTTATTCCCTTTTTTGCGGCATTTTGC...TAA	861
496	gb|JX865394.1|+|0-825|ARO:3003597|OXA-441	ATGAACATTAAAGCACTCTTACTTATAACAAGCGCTATTTTTATTTCAGCCTGC...TAG	825
497	gb|JX870080|+|0-861|ARO:3001352|SHV-168	ATGCGTTATTTTCGCCTGTGTATTATCTCTCTGTTAGCCACCCTGCCGCTGGCG...TAA	861
498	gb|K00544|+|0-663|ARO:3002672|Bacillus_pumilus_cat86	TTGTTTAAACAAATAGACGAAAATTATCTGCGAAAAGAGCACTTTCACCATTAT...TGA	663
499	gb|KC149518|+|0-861|ARO:3001369|TEM-153	ATGAGTATTCAACATTTCCGTGTCGCCCTTATTCCCTTTTTTGCGGCATTTTGC...TAA	861
500	gb|KC292503|+|4334-5195|ARO:3000904|TEM-34	ATGAGTATTCAACATTTTCGTGTCGCCCTTATTCCCTTTTTTGCGGCATTTTGC...TAA	861
501	gb|KC783461|+|0-861|ARO:3001383|TEM-206	ATGAGTATTCAACATTTTCGTGTCACCCTTATTCCCTTTTTTGCGGCATTTTGC...TAA	861
502	gb|KC818234|+|0-861|ARO:3001384|TEM-207	ATGAGTATTCAACATTTTCGTGTCGCCCTTATTCCCTTTTTTGCGGCATTTTGC...TAA	861
503	gb|KC865667|+|183-1044|ARO:3001385|TEM-208	ATGAGTATTCAACATTTTCGTGTCGCCCTTATTCCCTTTTTTGCGGCATTTTGC...TAA	861
504	gb|KC866352.1|+|0-1152|ARO:3004493|ADC-68	ATGCGATTTAAAAAAATTTCTTGTCTACTTTTATCCCCGCTTTTTATTTTTAAT...TAA	1152
505	gb|KC900516|+|0-858|ARO:3001382|TEM-205	ATGAGTATTCAACATTTCCGTGTCGCCCTTATTCCCTTTTTTGCGGCATTTTGC...TGG	858
506	gb|KF048907.1|+|0-825|ARO:3001524|OXA-336	ATGAACATTAAAGCACTCTTACTTATAACAAGCGCTATTTTTATTTCAGCCTGC...TAG	825
507	gb|KF048909|+|0-825|ARO:3001526|OXA-338	ATGAATATTAAAGCACTCTTACTTATAACAAGCGCTATTTTTATTTCAGCCTGC...TAG	825
508	gb|KF048911.1|+|0-825|ARO:3001527|OXA-339	ATGAACATTAAAGCACTCTTACTTATAACAAGCGCTATTTTTATTTCAGCCTGC...TAG	825
509	gb|KF048913.1|+|0-825|ARO:3001529|OXA-341	ATGAACATTAAAGCACCCTTACTTATAACAAGCGCTATTTTTATTTCAGCCTGC...TAG	825
510	gb|KF048915.1|+|0-825|ARO:3001530|OXA-342	ATGAACATTAAAGCACTCTTACTTATAACAAGCGCTATTTTTATTTCAGCCTGC...TAG	825
511	gb|KF048917.1|+|0-825|ARO:3001532|OXA-344	ATGAACATTAAAGCACTCTTACTTATAACAAGCGCTATTTTTATTTCAGCCTGC...TAG	825
512	gb|KF048918.1|+|0-825|ARO:3001533|OXA-345	ATGAACATTAAAGCACTCTTACTTATAACAAGCGCTATTTTTATTTCAGCCTGC...TAG	825
513	gb|KF048919.1|+|0-825|ARO:3001534|OXA-346	ATGAACATTAAAGCACTCTTACTTATAACAAGCGCTATTTTTATTTCAGCCTGC...TAG	825
514	gb|KF057027|+|0-825|ARO:3001443|OXA-121	ATGAACATTAAAGCCCTCTTACTTATAACAAACGCTATTTTTATTTCAGCCTGC...TAG	825
515	gb|KF057029|+|0-825|ARO:3001683|OXA-312	ATGAACATTAAAGCCCTCTTACTTATAACAAGCGCTATTTTTATTTCAGCCTGC...TAG	825
516	gb|KF057030|+|0-825|ARO:3001684|OXA-313	ATGAACATTAAAGCCCTCTTACTTATAACAAGCGCTATTTTTATTTCAGCCTGC...TAG	825
517	gb|KF057031|+|0-825|ARO:3001685|OXA-314	ATGAACATTAAAGCACTCTTACTTATAACAAGCGCTATTTTTATTTCAGCCTGC...TAG	825
518	gb|KF057032|+|0-825|ARO:3001686|OXA-315	ATGAACATTCAAGCACTCTTACTTATAACAAGCGCTATTTTTATTTCAGCCTGC...TAG	825
519	gb|KF057033|+|0-825|ARO:3001687|OXA-316	ATGAACATTCAAGCACTCTTACTTATAACAAGCGCTATTTTTATTTCAGCCTGC...TAG	825
520	gb|KF057034|+|0-825|ARO:3001688|OXA-317	ATGAACATTAAAGCACTCTTACTTATAACAAGCGCTATTTTTATTTCAGCCTGC...TAG	825
521	gb|KF203108|+|0-825|ARO:3001522|OXA-334	ATGAAAACTGTACAGTTGTGCCTCATCGTCCTCATTACTACCTTCGGTTCCGCA...TAA	825
522	gb|KF240808|+|0-861|ARO:3001386|TEM-209	ATGAGTATTCAACATTTCCGTGTCGCCCTTATTCCCTTTTTTGCGGCATTTTGC...TAA	861
523	gb|KF305666.1|+|0-825|ARO:3001715|OXA-259	ATGAACATTAAAGCACTCTTACTTATAACAAGCGCTATTTTTATTTCAGCCTGT...TAG	825
524	gb|KF513177|+|0-861|ARO:3001356|SHV-172	ATGCGTTATATTCGCCTGTGTATTATCTCCCTGTTAGCCACCCTGCCGCTGGCG...TAA	861
525	gb|KF513178|+|0-861|ARO:3001357|SHV-173	ATGCGTTATATTCGCCTGTGTATTATCTCCCTGTTAGCCACCCTGCCGCTGGCG...TAA	861
526	gb|KF513179|+|0-861|ARO:3001388|TEM-211	ATGAGTATTAAACATTTCCGTGTCGCCCTTATTCCCTTTTTTGCGGCATTTTGC...TAA	861
527	gb|KF663615|+|0-858|ARO:3001390|TEM-213	ATGAGTATTCAACATTTCCGTGTCGCCCTTATTCCCTTTTTTGCGGCATTTTGC...TGG	858
528	gb|KF705208|+|0-861|ARO:3001362|SHV-179	ATGCGTTATATTCGCCTGTGTATTATCTCCCTGTTAGCCACCCTGCCGCTGGCG...TAA	861
529	gb|KF705209|+|0-861|ARO:3001361|SHV-178	ATGCGTTATATTCGCCTGTGTATTATCTCCCTGTTAGCCACCCTGCCGCTGGCG...TAA	861
530	gb|KF711993|+|0-801|ARO:3001807|OXA-246	ATGAAAACATTTGCCGCATATGTAATTATCGCGTGTCTTTCGAGTACGGCATTA...TAA	801
531	gb|KF885217|+|0-825|ARO:3001552|OXA-365	ATGAACATTAAAACACTCTTACTTATAACAAGCGCTATTTTTATTTCAGCCTGC...TAG	825
532	gb|KF944358|+|0-861|ARO:3001393|TEM-216	ATGAGTATTCAACATTTTCGTGTCTCCCTTATTCCCTTTTTTGCGGCATTTTGC...TAA	861
533	gb|KF986253|-|15-840|ARO:3001571|OXA-385	ATGAACATTAAAGCCCTCTTACTTATAACAAGCGCTATTTTTATTTCAGCCTGC...TAG	825
534	gb|KF986254|-|34-859|ARO:3001572|OXA-386	ATGAAGATTAAAGCACTCTTACTTATAACAAGCGCTATTTTTATTTCAGCCTGC...TAG	825
535	gb|KF986255|+|16-841|ARO:3001560|OXA-374	ATGAACATTAAAGCCCTCTTACTTATAACAAGCGCTATTTTTATTTCAGCCTGC...TAG	825
536	gb|KF986256.1|-|40-865|ARO:3001561|OXA-375	ATGAACATTAAAGCACTCTTACTTATAACAAGCGCTATTTTTATTTCAGCCTGC...TAG	825
537	gb|KF986257|+|20-845|ARO:3001562|OXA-376	ATGAACATTAAAACACTCTTACTTATAACAAGCGCTATTTTTATTTCAGCCTGC...TAG	825
538	gb|KF986258|+|14-839|ARO:3001563|OXA-377	ATGAACATTAAAACACTCTTACTTATAACAAGCGCTATTTTTATTTCAGCCTGC...TAG	825
539	gb|KF986259.1|-|16-841|ARO:3001564|OXA-378	ATGAACATTCAAGCACTCTTACTTATAACAAGCGCTATTTTTATTTCAGCCTGC...TAG	825
540	gb|KF986260|+|20-845|ARO:3001565|OXA-379	ATGAACATTAAAGCACTCTTACTTATAACAAGCGCTATTTTTATTTCAGCCTGT...TAG	825
541	gb|KF986261|-|44-869|ARO:3001566|OXA-380	ATGAACATTAAAGCACTCTTACTTATAACAAGCGCTATTTTTATTTCAGCCTGC...TAG	825
542	gb|KF986262.1|-|27-852|ARO:3001569|OXA-383	ATGAACATTAAAACACTCTTACTTATAACAAGCGCTATTTTTATTTCAGCCTGC...TAG	825
543	gb|KF986263.1|-|90-915|ARO:3001570|OXA-384	ATGAACATTCAAGCCCTCTTACTTATAACAAGCGCTATTTTTATTTCAGCCTGC...TAG	825
544	gb|KJ135342.1|-|48-873|ARO:3001576|OXA-390	ATGAACATTAAAGCACTCTTACTTATAACAAGCGCTATTTTTATTTCAGCCTGC...TAG	825
545	gb|KJ135343|+|14-839|ARO:3001574|OXA-388	ATGAACATTCAAGCACTCTTACTTATAACAAGCGCTATTTTTATTTCAGCCTGC...TAG	825
546	gb|KJ135344|+|14-839|ARO:3001567|OXA-381	ATGAACATTAAAGCACTCTTACTTATAACAAGCGCTATTTTTATTTCAGCCTGC...TAG	825
547	gb|KJ135345|+|14-839|ARO:3001568|OXA-382	ATGAACATTAAAGCACTCTTACTTATAACAAGCGCTATTTTTATTTCAGCCTGC...TAG	825
548	gb|KJ135346|+|14-839|ARO:3001575|OXA-389	ATGAACATTAAAACACTCTTACTTATAACAAGCGCTATTTTTATTTCAGCCTGC...TAG	825
549	gb|KJ173478|+|0-825|ARO:3001573|OXA-387	ATGAACATTAAAACACTCTTACTTATAACAAGCGCTATTTTTATTTCAGCCTGC...TAG	825
550	gb|KJ420612.1|+|1821-2622|ARO:3001409|OXA-14	ATGAAAACATTTGCCGCATATGTAATTATCGCGTGTCTTTCGAGTACGGCATTA...TAA	801
551	gb|KJ427797|+|0-825|ARO:3001577|OXA-391	ATGAACATTAAAGCACTCTTACTTATAACAAGCGCTATTTTTATTTCAGCCTGC...TAG	825
552	gb|KJ584914.1|+|0-825|ARO:3001605|OXA-414	ATGAACATTAAAGCACTCTTACTTATAACAAGCGCTATTTTTATTTCAGCCTGC...TAG	825
553	gb|KJ584915.1|+|0-825|ARO:3001597|OXA-406	ATGAACATTAAAGCACTCTTACTTATAACAAGCGCTATTTTTATTTCAGCCTGC...TAG	825
554	gb|KJ584916.1|+|0-825|ARO:3001598|OXA-407	ATGAACATTAAAACACTCTTACTTATAACAAGCGCTATTTTTATTTCAGCCTGC...TAG	825
555	gb|KJ584917.1|+|0-825|ARO:3001599|OXA-408	ATGAACATTCAAGCCCTCTTACTTATAACAAGCGCTATTTTTATTTCAGCCTGC...TAG	825
556	gb|KJ584918.1|+|0-828|ARO:3001600|OXA-409	ATGAACATTAAAGCACTCTTACTTATAACAAGCGCTATTTTTATTTCAGCCTGC...TAG	828
557	gb|KJ584920.1|+|0-825|ARO:3001602|OXA-411	ATGAACATTAAAACACTCTTACTTATAACAAGCGCTATTTTTATTTCAGCCTGC...TAG	825
558	gb|KJ584921.1|+|0-825|ARO:3001603|OXA-412	ATGAACGTTAAAGCACTCTTACTTATAACAAGCGCTATTTTTATTTCAGCCTGC...TAG	825
559	gb|KJ584922.1|+|0-825|ARO:3001604|OXA-413	ATGAACATTAAAACACTCTTACTTATAACAAGCGCTATTTTTATTTCAGCCTGC...TAG	825
560	gb|KJ657570|+|0-801|ARO:3001495|OXA-233	ATGAAAACATTTGCCGCATATGTAATTATCGCGTGTCTTTCGAGTACGGCATTA...TAA	801
561	gb|KJ776406|+|16-877|ARO:3001340|SHV-119	ATGCGTCATATTCGCCTGTGTATTATCTCCCTGTTAGCCACCCTGCCGCTGGCG...TAA	861
562	gb|KJ780076.1|+|0-825|ARO:3001587|OXA-401	ATGAACATTAAAGCCCTCTTACTTATAACAAGCGCTATTTTTATTTCAGCCTGC...TAG	825
563	gb|KJ780077.1|+|0-825|ARO:3001588|OXA-402	ATGAACATTAAAGCACTCTTACTTATAACAAGCGCTATTTTTATTTCAGCCTGC...TAG	825
564	gb|KJ780078.1|+|0-825|ARO:3001586|OXA-400	ATGAACATTAAAACACTCTTACTTATAACAAGCGCTATTTTTATTTCAGCCTGT...TAG	825
565	gb|KJ920337.1|+|0-825|ARO:3001589|OXA-403	ATGAACATTAAAGCACTCTTACTTATAACAAGCGCTATTTTTATTTCAGCCTGC...TAG	825
566	gb|KJ920338.1|+|0-825|ARO:3001595|OXA-404	ATGAACATTAAAACACTCTTACTTATAACAAGCGCTATTCTTATTTCAGCCTGC...TAG	825
567	gb|KJ949070.1|+|0-1215|ARO:3005039|PDC-55	ATGCGCGATACCAGATTCCCCTGCCTGTGCGGCATCGCCGCTTCCACACTGCTG...TAG	1215
568	gb|KJ949080.1|+|0-1194|ARO:3005038|PDC-65	ATGCGCGATACCAGATTCCCCTGCCTGTGCGGCATCGCCGCTTCCACACTGCTG...TGA	1194
569	gb|KM087842|+|0-822|ARO:3001584|OXA-398	ATGAATAAATATTTTACTTGCTATGTGGTTGCTTCTCTTTTTCTTTCTGGTTGT...TAA	822
570	gb|KM114268|+|0-861|ARO:3003157|TEM-219	ATGAGTATTCAACATTTTCGTGTCGCCCTTATTCCCTTTTTTGCGGCATTTTGC...TAA	861
571	gb|KM233164|+|0-861|ARO:3003152|SHV-185	ATGCGTTATATTCGCCTGTGTATTATCTCCCTGTTAGCCACCCTGCCGCTGGCG...TAA	861
572	gb|KM233165|+|0-861|ARO:3003153|SHV-186	ATGCGTTATATTCGCCTGTGTATTATCTCCCTGTTAGCCACCCTGCCGCTGGCG...TAA	861
573	gb|KM433671|+|0-822|ARO:3003160|OXA-422	ATGAATAAATATTTTACTTGCTATGTGGTTGCTTCTCCTTTTCTTTCTGGTTGT...TAA	822
574	gb|KM433672|+|0-822|ARO:3003161|OXA-423	ATGAATAAATATTTTACTTGCTATGTGGTTGCTTCTCTTTTTCTTTCTGGTTGT...TAA	822
575	gb|KM555152|+|0-657|ARO:3003193|QnrVC7	ATGGATAAAACAGACCAGTTATATGTACAAGCTGACTTTTCACATCAAGACTTG...TAA	657
576	gb|KM588352|+|0-825|ARO:3003147|OXA-424	ATGAACATTAAAGCCCTCTTACTTATAACAAGCGCTATTTTTATTTCAGCCTGC...TAG	825
577	gb|KM588353|+|0-825|ARO:3003148|OXA-425	ATGAACATTAAAGCACTCTTACTTATAACAAGCGCTATTTTTATTTCAGCCTGC...TAG	825
578	gb|KM588354|+|0-825|ARO:3003149|OXA-426	ATGAACATTAAAGCACTCTTACTTATAACAAGCGCTATTTTTATTTCAGCCTGC...TAG	825
579	gb|KM979376.1|+|20-845|ARO:3003120|OXA-429	ATGAATATTAAAGCACTCTTACTTATAACAAGCGCTATTTTTATTTCAGCCTGC...TAG	825
580	gb|KM979378.1|+|14-839|ARO:3003124|OXA-431	ATGAACATTAAAGCACTCTTACTTATAACAAGCGCTATTTTTATTTCAGCCTGC...TAG	825
581	gb|KM979379.1|+|14-839|ARO:3003125|OXA-432	ATGAACATTAAAGCACTCTTACTTATAACAAGCGCTATTTTTATTTCAGCCTGC...TAG	825
582	gb|KM979380.1|+|25-850|ARO:3003126|OXA-433	ATGAACATTAAAGCACTCTTACTTATAACAAGCGCTATTTTTATTTCAGCCTGC...TAG	825
583	gb|KM998962.1|+|0-861|ARO:3003158|TEM-220	ATGAGTATTCAACATTTTCGTGTCGCCCTTATTCCCTTTTTTGCGGCATTTTGC...TAA	861
584	gb|KP050485|+|0-822|ARO:3001553|OXA-366	ATGAATAAATATTTTACTTGCTATGTGGTTGCTTCTCTTTTTCTTTCTGGTTGT...TAA	822
585	gb|KP050487.1|+|0-861|ARO:3001350|SHV-180	ATGCGTTATATTCGCCTGTGTATTATCTCCCTGTTAGCCACCCTGCCGCTGGCG...TAA	861
586	gb|KP050489|+|0-861|ARO:3001364|SHV-182	ATGCGTTATATTCGCCTGTGTATTATCTCCCTGTTAGCCACCCTGCCGCTGGCG...TAA	861
587	gb|KP050491|+|0-861|ARO:3001391|TEM-214	ATGAGTATTCAACATTTTCGTGTCGCCCTTTTTCCCTTTTTTGCGGCATTTTGC...TAA	861
588	gb|KP050492|+|0-861|ARO:3001392|TEM-215	ATGAGTATTCAACATTTTCGTGTCGCCCTTATTCCCTTTTTTGCGGCATTTTGC...TAA	861
589	gb|KP050494|+|0-861|ARO:3003156|SHV-189	ATGCGTTATTTTCGCCTGTGTATTATCTCCCTGTTAGCCACCCTGCCGCTGGCG...TAA	861
590	gb|KP143090.1|-|1199-1619|ARO:3003209|FosA5	ATGCTGAGTGGACTGAATCACCTGACCCTGGCAGTCAGCCAGCTGGCGCCGAGC...TGA	420
591	gb|KP144324|+|0-822|ARO:3003162|OXA-435	ATGAATAAATATTTTACTTGCTATGTGGTTGCTTCTCTTTTTCTTTCTGGTTGT...TAA	822
592	gb|KP264124.1|+|76-898|ARO:3003639|OXA-482	ATGAATAAATATTTTACTTGCTATGTGGTTGCTTCTCTTTTTCTTTCTGGTTGT...TAA	822
593	gb|KP264125.1|+|83-905|ARO:3003640|OXA-483	ATGAATAAATATTTTACTTGCTATGTGGTTGCTTCTCTTTTTCTTTCTGGTTGT...TAA	822
594	gb|KP727574.1|+|0-822|ARO:3003596|OXA-440	ATGAATAAATATTTTACTTGCTATGTGGTTGCTTCTCTTTTTCTTTCTGGTTGT...TAA	822
595	gb|KP844571.1|+|0-825|ARO:3003598|OXA-442	ATGAACATTAAAGCACTCTTACTTATAACAAGCGCTATTTTTATTTCAGCCTGC...TAG	825
596	gb|KP881233.1|+|0-1152|ARO:3004634|ADC-73	ATGCGATTTAAAAAAATTTCTTGTCTACTTTTATCCCCGCTTTTTATTTTTAGT...TAA	1152
597	gb|KP881234.1|+|0-1152|ARO:3003880|ADC-74	ATGCGATTTAAAAAAATTTCTTGTCTACTTTTATCCCCGCTTTTTATTTTTAGT...TAA	1152
598	gb|KP881235.1|+|0-1152|ARO:3003881|ADC-75	ATGCGATTTAAAAAAATTTCTTGTCTACTTTTATCCCCGCTTTTTATTTTTAGT...TAA	1152
599	gb|KP881236.1|+|0-1152|ARO:3003882|ADC-76	ATGCGATTTAAAAAAATTTCTTGTCTACTTTTATCCCCGCTTTTTATTTTTAGT...TAA	1152
600	gb|KP881237.1|+|53-1205|ARO:3003883|ADC-77	ATGCGATTTAAAAAAATTTCTTGTCTACTTTTATCTCCGCTTTTTATTTTTAGT...TAA	1152
601	gb|KP881238.1|+|0-1152|ARO:3003884|ADC-78	ATGCGATTTAAAAAAATTTCTTGTCTACTTTTATCCCCGCTTTTTATTTTTAGT...TAA	1152
602	gb|KP881239.1|+|0-1152|ARO:3003885|ADC-79	ATGCAATTTAAAAAAATTTCTTGTCTACTTTTATCCCCGCTTTTTATTTTTAGT...TAA	1152
603	gb|KP881241.1|+|0-1167|ARO:3003887|ADC-81	ATGCGATTTAAAAAAATTTCTTGTCTACTTTTATCCCCGCTTTTTATTTTTAGT...TAA	1167
604	gb|KR057742.1|+|0-1116|ARO:3004336|PDC-73	GGCGAGGCCCCGGCGGATCGCCTGAAGGCACTGGTCGACGCCGCCGTACAACCG...TGA	1116
605	gb|KR057744.1|+|0-1116|ARO:3004338|PDC-75	GGCGAGGCCCCGGCGGATCGCCTGAAGGCACTGGTCGACGCCGCCGTACAACCG...TGA	1116
606	gb|KR057745.1|+|0-1116|ARO:3004339|PDC-76	GGCGAGGCCCCGGCGGATCGCCTGAAGGCACTGGTCGACGCCGCCGTACAACCG...TGA	1116
607	gb|KR057746.1|+|0-1116|ARO:3004340|PDC-77	GGCGAGGCCCCGGCGGATCGCCTGAAGGCACTGGTCGACGCCGCCGTACAACCG...TGA	1116
608	gb|KR057747.1|+|0-1116|ARO:3004341|PDC-78	GGCGAGGCCCCGGCGGATCGCCTGAAGGCACTGGTCGACGCCGCCGTACAACCG...TGA	1116
609	gb|KR057748.1|+|0-1116|ARO:3004342|PDC-79	GGCGAGGCCCCGGCGGATCGCCTGAAGGCACTGGTCGACGCCGCCGTACAACCG...TGA	1116
610	gb|KR057750.1|+|0-1116|ARO:3004344|PDC-81	GGCGAGGCCCCGGCGGATCGCCTGAAGGCATTGGTCGACGCCGCCGTACAACCG...TGA	1116
611	gb|KR057751.1|+|0-1116|ARO:3004345|PDC-82	GGCGAGGCCCCGGCGGATCGCCTGAAGGCATTGGTCGACGCCGCCGTACAACCG...TGA	1116
612	gb|KR057752.1|+|0-1116|ARO:3004346|PDC-83	GGCGAGGCCCCGGCGGATCGCCTGAAGGCATTGGTCGACGCCGCCGTACAACCG...TGA	1116
613	gb|KR057753.1|+|0-1116|ARO:3004347|PDC-84	GGCGAGGCCCCGGCGGATCGCCTGAAGGCATTGGTCGACGCCGCCGTACAACCG...TGA	1116
614	gb|KR057754.1|+|0-1116|ARO:3004348|PDC-85	GGCGAGGCCCCGGCGGATCGCCTGAAGGCATTGGTCGACGCCGCCGTACAACCG...TGA	1116
615	gb|KR057756.1|+|0-1116|ARO:3004350|PDC-87	GATGAGGCCCCGGCGGATCGCCTGAAGGCACTGGTCGACGCCGCCGTACAACCG...TGA	1116
616	gb|KR057757.1|+|0-1110|ARO:3004351|PDC-88	GATGAGGCCCCGGCGGATCGCCTGAAGGCACTGGTCGACGCCGCCGTACAACCG...TGA	1110
617	gb|KR057758.1|+|0-1107|ARO:3004352|PDC-89	GATGAGGCCCCGGCGGATCGCCTGAAGGCACTGGTCGACGCCGCCGTACAACCG...TGA	1107
618	gb|KR057759.1|+|0-1107|ARO:3004353|PDC-90	GATGAGGCCCCGGCGGATCGCCTGAAGGCACTGGTCGACGCCGCCGTACAACCG...TGA	1107
619	gb|KR057760.1|+|0-1104|ARO:3004354|PDC-91	GATGAGGCCCCGGCGGATCGCCTGAAGGCACTGGTCGACGCCGCCGTACAACCG...TGA	1104
620	gb|KR057761.1|+|0-1110|ARO:3004355|PDC-92	GATGAGGCCCCGGCGGATCGCCTGAAGGCACTGGTCGACGCCGCCGTACAACCG...TGA	1110
621	gb|KR057762.1|+|0-1116|ARO:3004356|PDC-93	GATGAGGCCCCGGCGGATCGCCTGAAGGCACTGGTCGACGCCGCCGTACAACCG...TGA	1116
622	gb|KR091911.1|-|74564-75350|ARO:3002578|AAC(6')-Ib7	ATGCGCTCACGCAACTGGTCCAGAACCTTGACCGAACGCAGCGGTGGTAACGGC...TAA	786
623	gb|KR872296.1|+|0-825|ARO:3003637|OXA-480	ATGAACATTAAAGCACTCTTATTTATAACAAGCGCTATTTTTATTTCAGCCTGC...TAG	825
624	gb|KT736121.1|+|1176-1977|ARO:3001555|OXA-368	ATGAAAACATTTGCCGCATATGTAATTATCGCGTGTCTTTCGAGTACGGCATTA...TAA	801
625	gb|KU254579.1|+|59421-59841|ARO:3004111|FosA6	ATGCTGAGTGGACTGAATCACCTGACCCTGGCAGTCAGCCAGCTGGCGCCGAGC...TGA	420
626	gb|KU736867.1|+|19653-21573|ARO:3004442|tet(W/N/W)	ATGAAAATAATCAATATTGGAATTCTTGCCCATGTAGACGCTGGAAAGACGACC...TGA	1920
627	gb|KX092356.1|+|192-1053|ARO:3001062|SHV-3	ATGCGTTATATTCGCCTGTGTATTATCTCCCTGTTAGCCACCCTGCCGCTGGCG...TAA	861
628	gb|KX354370.1|+|0-1194|ARO:3004343|PDC-80	ATGCGCGATACCAGATTCCCCTGCCTGTGCGGCATCGCCGCTTCCACACTGCTG...TGA	1194
629	gb|KY432484.1|+|0-861|ARO:3001051|TEM-191	ATGAGTATTCAACATTTCCGTGTCGCCCTTATTCCCTTTTTTGCGGCATTTTGC...TAA	861
630	gb|LC037981|+|0-801|ARO:3003610|OXA-454	ATGAAAACATTTGCCGCATATGTAATTATCGCGTGTCTTTCGAGTACGGCATTA...TAA	801
631	gb|LK391770.1|+|19707-20568|ARO:3000876|TEM-4	ATGAGTATTCAACATTTCCGTGTCGCCCTTATTCCCTTTTTTGCGGCATTTTGC...TAA	861
632	gb|LLNM01000004.1|-|97677-98466|ARO:3003642|OXA-485	ATGCGCCCTCTCCTCTTCAGCGCCCTTCTCCTGCTCTCCGGGCGTGCCCAGGCC...TGA	789
633	gb|LLSH01000109.1|+|88827-90021|ARO:3004349|PDC-86	ATGCGCGATACCAGATTCCCCTGCCTGTGCGGCATCGCCGCTTCCACACTGCTG...TGA	1194
634	gb|LN515533|+|0-867|ARO:3003154|SHV-187	GTGGTTAAGCGTTATATTCGCCTGTGTATTATCTCCCTGTTAGCCACCCTGCCG...TAA	867
635	gb|LN515534|+|0-873|ARO:3003155|SHV-188	GTGGTTAAGCGTTATATTCGCCTGTGTATTATCTCCCTGTTAGCCACCCTGCCG...TAA	873
636	gb|LT985229.1|+|36107-36968|ARO:3001063|SHV-4	ATGCGTTATATTCGCCTGTGTATTATCTCCCTGTTAGCCACCCTGCCGCTGGCG...TAA	861
637	gb|M18896.2|+|206-2126|ARO:3000190|tetO	ATGAAAATAATTAACTTAGGCATTCTGGCTCACGTTGACGCAGGAAAGACAACA...TAA	1920
638	gb|M36726.1|+|295-1150|ARO:3000596|ErmX	ATGTCTGCATACGGACAGGGCCGTCACGAGCATGGCCAAAATTTTCTCACCAAC...TAA	855
639	gb|M55547|+|0-825|ARO:3001404|OXA-9	ATGAAAAAAATTTTGCTGCTGCATATGTTGGTGTTCGTTTCCGCCACTCTCCCA...TGA	825
640	gb|M88143|+|367-1228|ARO:3000884|TEM-12	ATGAGTATTCAACATTTCCGTGTCGCCCTTATTCCCTTTTTTGCGGCATTTTGC...TAA	861
641	gb|M90056.1|+|908-2477|ARO:3002829|vgaA	ATGAAAATAATGTTAGAGGGACTTAATATAAAACATTATGTTCAAGATCGTTTA...TAA	1569
642	gb|MG229642.1|+|0-1152|ARO:3005037|ADC-159	ATGCGATTTAAAAAAATTTCTTGTCTACTTTTATCCCCGCTTTTTATTTTTAGT...TAA	1152
643	gb|MG601730.1|+|0-1152|ARO:3003852|ADC-6	ATGCGATTTAAAAAAATTTCTTGTCTACTTTTATCCCCGCTTTTTATTTTTAGT...TAA	1152
644	gb|NC_002516.2|-|779462-780101|ARO:3002679|Pseudomonas_aeruginosa_catB7	ATGGGCAACTATTTCGAGAGCCCCTTCAGGGGCAAGCTGCTCTCGGAACAGGTC...TGA	639
645	gb|NGCN01000023.1|-|65770-66595|ARO:3001528|OXA-340	ATGAACATTAAAGCACTCTTACTTATAACAAGCGCTATTTTTATTTCAGCCTGC...TAG	825
646	gb|NG_049717.1|+|13-838|ARO:3003121|OXA-430	ATGAACATTAAAGCACTCTTACTTATAACAAGCGCTATTTTTATTTCAGCCTGC...TAG	825
647	gb|NG_050218.1|+|0-1061|ARO:3001044|TEM-181	CAAACTCTTTTGTTTATTTTTCTAAATACATTCAAATATGTATCCGCTCATGAG...TGA	1061
648	gb|NG_050256.1|+|100-961|ARO:3000896|TEM-26	ATGAGTATTCAACATTTCCGTGTCGCCCTTATTCCCTTTTTTGCGGCATTTTGC...TAA	861
649	gb|NG_050607.1|+|100-925|ARO:3001496|OXA-234	ATGAACATTAAAGCACTCTTACTTATAACAAGCGCTATTTTTATTTCAGCCTGC...TAG	825
650	gb|NG_051744.1|+|100-1294|ARO:3004337|PDC-74	ATGCGCGATACCAGATTCCCCTGCCTGTGCGGCATCGCCGCTTCCACACTGCTG...TGA	1194
651	gb|NWUK01000007.1|-|12139-12964|ARO:3001531|OXA-343	ATGAACATTAAAGCACTCTTACTTATAACAAGCGCTATTTTTATTTCAGCCTGC...TAG	825
652	gb|PYSX01000023.1|+|160178-161003|ARO:3001525|OXA-337	ATGAACATTACAGCACTCTTACTTATAACAAGCGCTATTTTTATTTCAGCCTGC...TAG	825
653	gb|S82452|+|120-978|ARO:3001068|SHV-9	ATGCGTTATATTCGCCTGTGTATTATCTCCCTGTTAGCCACCCTGCCGCTGGCG...TAA	858
654	gb|SMRY02000082.1|-|17219-18008|ARO:3003645|OXA-488	ATGCGCCCTCTCCTCTTCAGCGCCCTTCTCCTGCTCTCCGGGCATGCCCAGGCC...TGA	789
655	gb|U00096.3|-|3203309-3204131|ARO:3002986|bacA	ATGAGCGATATGCACTCGCTGCTGATAGCGGCAATATTGGGTGTGGTCGAAGGA...TAA	822
656	gb|U00096.3|-|4377810-4378944|ARO:3004290|Escherichia_coli_ampC	ATGTTCAAAACGACGCTCTGCGCCTTATTAATTACCGCCTCTTGCTCCACATTT...TAA	1134
657	gb|U00096.3|-|721055-721733|ARO:3003841|kdpE	GTGACAAACGTTCTGATTGTTGAAGATGAACAGGCTATTCGTCGCTTTCTGCGC...TGA	678
658	gb|U00096|+|2367070-2368039|ARO:3003578|pmrF	ATGTTTGAAATCCACCCTGTTAAGAAAGTCTCGGTGGTTATTCCCGTTTATAAC...TAA	969
659	gb|U00096|-|2098446-2099613|ARO:3003577|ugd	ATGAAAATCACCATTTCCGGTACTGGCTATGTAGGCTTGTCAAACGGGCTTCTA...TAA	1167
660	gb|U15027|+|0-624|ARO:3002686|catP	ATGGTATTTGAAAAAATTGATAAAAATAGTTGGAACAGAAAAGAGTATTTTGAC...TAA	624
661	gb|U20270|+|124-985|ARO:3001066|SHV-7	ATGCGTTATTTTCGCCTGTGTATTATCTCCCTGTTAGCCACCCTGCCGCTGGCG...TAA	861
662	gb|U36911.1|+|1429-2290|ARO:3000979|TEM-116	ATGAGTATTCAACATTTCCGTGTCGCCCTTATTCCCTTTTTTGCGGCATTTTGC...TAA	861
663	gb|U37105.2|+|2806-3640|ARO:3004692|aadA10	ATGAGAAACACAGTGCCCGCCGAGATTTCGGTACAGTTATCACAGGCACTCAAC...TAA	834
664	gb|U37195|+|75-936|ARO:3000898|TEM-28	ATGAGTATTCAACATTTTCGTGTCGCCCTTATTCCCTTTTTTGCGGCATTTTGC...TAA	861
665	gb|U59183|+|247-859|ARO:3002581|AAC(6')-Ib10	ATGTTACGCAGCAGCAGTCGCCCTAAAACAAAGTTAGGCATCACAAAGTACAGC...TAA	612
666	gb|U59183|+|939-1740|ARO:3001408|OXA-13	ATGAAAACATTTGCCGCATATGTAATTACTGCGTGTCTTTCAAGTACGGCATTA...TAA	801
667	gb|U92041|+|0-861|ARO:3001067|SHV-8	ATGCGTTATATTCGCCTGTGTATTATCTCCCTGTTAGCCACCCTGCCGCTGGCG...TAA	861
668	gb|U95363|+|0-861|ARO:3000912|TEM-43	ATGAGTATTCAACATTTCCGTGTCGCCCTTATTCCCTTTTTTGCGGCATTTTGC...TAA	861
669	gb|V00618.1|+|150-945|ARO:3002644|APH(3')-IIa	ATGATTGAACAAGATGGATTGCACGCAGGTTCTCCGGCCGCTTGGGTGGAGAGG...TGA	795
670	gb|V01499|+|230-1256|ARO:3002655|APH(4)-Ia	ATGAAAAAGCCTGAACTCACCGCGACGTCTGTCGAGAAGTTTCTGATCGAAAAG...TAG	1026
671	gb|X02340.1|+|222-1194|ARO:3004089|ANT(3'')-IIa	GTGGTAACGGCGCAGTGGCGGTTTTCATGGCTTCTTGTTATGACATGTTTTTTT...TAA	972
672	gb|X54606|+|214-1075|ARO:3000874|TEM-2	ATGAGTATTCAACATTTCCGTGTCGCCCTTATTCCCTTTTTTGCGGCATTTTGC...TAA	861
673	gb|X55640|+|111-972|ARO:3001064|SHV-5	ATGCGTTATATTCGCCTGTGTATTATCTCCCTGTTAGCCACCCTGCCGCTGGCG...TAA	861
674	gb|X57972|+|339-1200|ARO:3000878|TEM-6	ATGAGTATTCAACATTTCCGTGTCGCCCTTATTCCCTTTTTTGCGGCATTTTGC...TAA	861
675	gb|X64523.1|-|476-1337|ARO:3000875|TEM-3	ATGAGTATTCAACATTTCCGTGTCGCCCTTATTCCCTTTTTTGCGGCATTTTGC...TAA	861
676	gb|X65252|+|175-1036|ARO:3000880|TEM-8	ATGAGTATTCAACATTTCCGTGTCGCCCTTATTCCCTTTTTTGCGGCATTTTGC...TAA	861
677	gb|X65253|+|175-1036|ARO:3000894|TEM-24	ATGAGTATTCAACATTTCCGTGTCGCCCTTATTCCCTTTTTTGCGGCATTTTGC...TAA	861
678	gb|X65254|+|175-1036|ARO:3000887|TEM-16	ATGAGTATTCAACATTTCCGTGTCGCCCTTATTCCCTTTTTTGCGGCATTTTGC...TAA	861
679	gb|X75562|+|134-935|ARO:3001402|OXA-7	ATGAAAACATTTGCCGCATATGTAATTACTGCGTGTCTTTCAAGTACGGCATTA...TAA	801
680	gb|X90856|+|387-1194|ARO:3002645|APH(3')-IIb	ATGCATGATGCAGCCACCTCCATGCCGCCGCAGGCTCCCTCAACCTGGGCCGAC...TAG	807
681	gb|X95401|+|208-1069|ARO:3000914|TEM-45	ATGAGTATTCAACATTTCCGTGTCGCCCTTATTCCCTTTTTTGCGGCATTTTGC...TAA	861
682	gb|X97254|+|153-1011|ARO:3001043|TEM-178	ATGAGTATTCAACATTTCCGTGTCGCCCTTATTCCCTTTTTTGCGGCATTTTGC...TAA	858
683	gb|X98047|+|0-844|ARO:3000911|TEM-42	CAACATTTCCGTGTCGCCCTTATTCCCTTTTTTGCGGCATTTTGCCTTCCTGTT...AAG	843
684	gb|X98101|+|73-934|ARO:3001070|SHV-11	ATGCGTTATATTCGCCTGTGTATTATCTCCCTGTTAGCCACCCTGCCGCTGGCG...TAA	861
685	gb|X98102|+|73-934|ARO:3001061|SHV-2A	ATGCGTTATATTCGCCTGTGTATTATCTCCCTGTTAGCCACCCTGCCGCTGGCG...TAA	861
686	gb|Y10279|+|0-861|ARO:3000916|TEM-47	ATGAGTATTCAACATTTTCGTGTCGCCCTTATTCCCTTTTTTGCGGCATTTTGC...TAA	861
687	gb|Y10280|+|0-861|ARO:3000917|TEM-48	ATGAGTATTCAACATTTCCGTGTCGCCCTTATTCCCTTTTTTGCGGCATTTTGC...TAA	861
688	gb|Y10281|+|0-861|ARO:3000918|TEM-49	ATGAGTATTCAACATTTCCGTGTCGCCCTTATTCCCTTTTTTGCGGCATTTTGC...TAA	861
689	gb|Y11069|+|0-780|ARO:3001065|SHV-6	CTGTTAGCCACCCTGCCGCTGGCGGTACACGCCAGCCCGCAGCCGCTTGAGCAA...AAT	780
690	gb|Y13612|+|0-861|ARO:3000921|TEM-52	ATGAGTATTCAACATTTCCGTGTCGCCCTTATTCCCTTTTTTGCGGCATTTTGC...TAA	861
691	gb|Y14574|+|0-861|ARO:3000888|TEM-17	ATGAGTATTCAACATTTCCGTGTCGCCCTTATTCCCTTTTTTGCGGCATTTTGC...TAA	861
692	gb|Y17581|+|78-936|ARO:3000891|TEM-20	ATGAGTATTCAACATTTCCGTGTCGCCCTTATTCCCTTTTTTGCGGCATTTTGC...TGG	858
693	gb|Y17582|+|0-858|ARO:3000892|TEM-21	ATGAGTATTCAACATTTCCGTGTCGCCCTTATTCCCTTTTTTGCGGCATTTTGC...TGG	858
694	gb|Y17583|+|213-1071|ARO:3000893|TEM-22	ATGAGTATTCAACATTTCCGTGTCGCCCTTATTCCCTTTTTTGCGGCATTTTGC...TGG	858
695	gb|Y17584|+|0-858|ARO:3000899|TEM-29	ATGAGTATTCAACATTTCCGTGTCGCCCTTATTCCCTTTTTTGCGGCATTTTGC...TGG	858
696	gb|Z22590|+|154-955|ARO:3001406|OXA-11	ATGAAAACATTTGCCGCATATGTAATTATCGCGTGTCTTTCGAGTACGGCATTA...TAA	801
697	gb|Z54241.1|+|529-1051|ARO:3002559|AAC(6')-Ip	ATGCTTAAGAAAAGCTTTCTTGATGCTGGAAATGAATCATGGGGAGATATTAAA...TGA	522
